"name","image","especialidade_ids"
"Abordagem aos corpos estranhos no aparelho digestivo/respiratório","","Endoscopia"
"Acesso à via aérea na sala de emergência","","Medicina de Urgência"
"Acessórios básicos e especiais e imobilizadores em radioterapia","","Radioterapia"
"Administração em reabilitação","","Fisiatria"
"Aerobiologia dos alérgicos","","Alergia e Imunologia Pediátrica;Alergia e Imunologia"
"Álcool e direção veicular","","Medicina de Tráfego"
"Álcool e pilotagem de aeronaves","","Medicina Aeroespacial"
"Aleitamento materno","","Nutrologia Pediátrica"
"Alergia a alimentos e reações adversas","","Alergia e Imunologia Pediátrica"
"Alergia alimentar","","Nutrologia Pediátrica"
"Alergia ao látex","","Alergia e Imunologia Pediátrica;Alergia e Imunologia"
"Alergia e imunologia pediátrica","","Pediatria"
"Alergia e reação adversas a alimentos","","Alergia e Imunologia"
"Alergias ocupacionais","","Alergia e Imunologia"
"Alimentação complementar","","Nutrologia Pediátrica"
"Alimentação do pré-escolar, escolar e adolescente","","Nutrologia Pediátrica"
"Alimentos funcionais","","Nutrologia"
"Anafilaxia","","Alergia e Imunologia Pediátrica;Alergia e Imunologia"
"Anafilaxia?","","Emergência Pediátrica"
"Anatomia e endocrinologia reprodutiva","","Medicina Reprodutiva"
"Anatomia e fisiologia","","Fisiatria"
"Anatomia e fisiologia do tegumento, imunopatologia cutânea","","Dermatologia"
"Anatomia e fisiologia humana aplicada","","Radioterapia"
"Anatomia e fisiologia renal","","Nefrologia"
"Anatomia e fisiologia vascular","","Angiologia"
"Anatomia estrutural e seccional- planos e cortes","","Radioterapia"
"Anatomia morfológica","","Ressonância Magnética"
"Anatomia por ressonância magnética","","Ressonância Magnética"
"Anatomia, histologia e cito-histopatologia da pele","","Medicina Estética"
"Anatomia, histologia e fisiologia cardiológica","","Cardiologia Pediátrica"
"Anatomia, Histologia e fisiologia cardiovascular","","Cardiologia"
"Anemias","","Hematologia e Hemoterapia"
"Anestesiopediatria em UTI (coma, morte encefálica, sedação e analgesia)","","UTI Pediátrica;UTI Pediátrica e Neonatal"
"Angiologia em medicina estética","","Medicina Estética"
"Antibióticoterapia na UTI (infecção hospitalar, infecção no imunodeprimido, diagnóstico de infecções no paciente gravemente enfermo e Intoxicações exógenas)","","UTI Pediátrica;UTI Pediátrica e Neonatal"
"Anticoncepção","","Ginecologia e Obstetrícia"
"Anticoncepção ","","Clínica Médica Ginecológica"
"Antioxidantes e radicais livres","","Nutrologia"
"Antropologia e saúde indígena","","Medicina de Fam. e Comunidade"
"Antropologia Forense","","Perícias Médicas"
"Aparelhos e equipamentos em fisiatria","","Fisiatria"
"Apneia neonatal","","UTI Pediátrica e Neonatal"
"Arritmia para o clínico - Cardiologia clínica: arritmias cardíacas e coronariopatias","","Cardiologia Clínica"
"Articulações e artrites","","Reumatologia"
"Artrite reumatoide juvenil","","Reumatologia Pediátrica"
"Artrites na infância","","Reumatologia Pediátrica"
"Asma","","Alergia e Imunologia Pediátrica"
"Asma brônquica","","Pneumologia Pediátrica"
"Asma, rinite alérgica e bebê chiador","","Alergia e Imunologia"
"Aspectos éticos e bioéticos em medicina intensiva","","Medicina Intensiva"
"Aspectos éticos e legais em sexologia e aconselhamento sexual","","Sexologia"
"Aspectos legais: tutela e curatela; adoção e laudos judiciais","","Psiquiatria Infantil"
"Aspectos metodológicos de elaboração de um laudo pericial","","Medicina Pericial;Perícias Judiciais Médicas"
"Aspectos metodológicos de elaboração de um parecer técnico","","Medicina Pericial;Perícias Judiciais Médicas"
"Aspectos técnicos do banco de sangue","","Hematologia e Hemoterapia"
"Aspergilose broncopulmonar alérgica","","Alergia e Imunologia Pediátrica;Alergia e Imunologia"
"Assistência à Saúde e Qualidade de Vida do Trabalhador","","Medicina do Trabalho "
"Assistência multidisciplinar neonatal e pré-natal","","Neonatologia"
"Atenção primária à saúde: histórico, conceito e processo de trabalho","","Medicina de Fam. e Comunidade"
"Atendimento ao paciente vítima de trauma","","Medicina de Urgência"
"Atendimento inicial ao politraumatizado","","Medicina de emergência"
"Atendimento na UTI: assistência multidisciplinar materno neonatal e emergências e afecções cirúrgicas","","Neonatologia"
"Atividade física e nutrição","","Medicina Estética"
"Atividade física para grupos especiais","","Medicina Esportiva"
"Atividades ambulatoriais","","Otorrinolaringologia"
"Atividades cirúrgicas","","Otorrinolaringologia"
"Auditoria em sistemas de saúde","","Medicina Pericial;Perícias Judiciais Médicas"
"Avaliação Clínica Pré-Participação de adultos e jovens talentos","","Nutrologia Esportiva"
"Avaliação corporal e fisiologia do exercício","","Medicina Estética"
"Avaliação física e bioquímico-laboratorial das Demandas Nutrológicas do Trabalho Muscular","","Nutrologia Esportiva"
"Avaliação funcional do neonato","","Neonatologia"
"Avaliação geriátrica ampla","","Geriatria e Gerontologia"
"Avaliação nutricional","","Nutrologia Pediátrica"
"Avaliação Nutricional e do desempenho integral ao atleta e esportista (âmbito individual e coletivo)","","Nutrologia Esportiva"
"Avaliação nutrológica e composição corporal","","Nutrologia"
"AVC/atendimento inicial a terapêutica","","Medicina de emergência"
"Bases anatômicas e fisiológicas da sexualidade humana","","Sexologia"
"Bases da medicina legal","","Medicina Legal"
"Bases para análise fisiológica do exercício e nutrição esportiva","","Medicina Esportiva"
"Bases teóricas de treinamento esportivo e fisioterapia","","Medicina Esportiva"
"Bioestatística","","Dermatologia;Endocrinologia e Metabologia;Medicina de Tráfego;Medicina Esportiva;Neurologia;Psiquiatria;Angiologia;Cancerologia;Dermatologia Pediátrica;Endocrinologia Pediátrica;Endoscopia;Fisiatria;Genética Médica;Hematologia e Hemoterapia;Infectologia;Medicina de Fam. e Comunidade;Medicina de Urgência;Medicina Legal;Medicina Pericial;Medicina Reprodutiva;Neonatologia;Nutrologia;Nutrologia Pediátrica;Ortopedia e Traumatologia;Otorrinolaringologia;Perícias Judiciais Médicas;Perícias Médicas;Radiologia;Radioterapia;Ressonância Magnética;Reumatologia Pediátrica;Sexologia;UTI Pediátrica;UTI Pediátrica e Neonatal;Nutrologia Esportiva;Pneumologia e Tisiologia;Reumatologia;Urossexualidade Hormonal;Clínica Médica Ginecológica "
"Bioestatística e ética médica em saúde e trabalho","","Medicina do Trabalho "
"Bioestatística, biossegurança e bioética","","Pediatria"
"Bioética","","Dermatologia;Endocrinologia e Metabologia;Medicina de Tráfego;Medicina Esportiva;Neurologia;Psiquiatria;Angiologia;Cancerologia;Dermatologia Pediátrica;Endocrinologia Pediátrica;Endoscopia;Fisiatria;Genética Médica;Hematologia e Hemoterapia;Infectologia;Medicina de Fam. e Comunidade;Medicina de Urgência;Medicina Legal;Medicina Pericial;Medicina Reprodutiva;Neonatologia;Nutrologia;Nutrologia Pediátrica;Ortopedia e Traumatologia;Otorrinolaringologia;Perícias Judiciais Médicas;Perícias Médicas;Radiologia;Radioterapia;Ressonância Magnética;Reumatologia Pediátrica;Sexologia;UTI Pediátrica;UTI Pediátrica e Neonatal;Nutrologia Esportiva;Pneumologia e Tisiologia;Reumatologia;Clínica Médica Ginecológica;Urossexualidade Hormonal"
"Bioética e Bioestatística","","Cardiologia;Clínica Médica;Alergia e Imunologia Pediátrica;Cardiologia Clínica;Medicina Aeroespacial;Medicina Estética;Alergia e Imunologia;Ginecologia e Obstetrícia "
"Bioética, Bioestatística e Biossegurança","","Geriatria e Gerontologia;Cardiologia Pediátrica;Medicina de emergência;Medicina Intensiva;Nefrologia;Neurofisiologia Clínica;Oftalmologia Pediátrica;Pneumologia Pediátrica;Psiquiatria Infantil;Oftalmologia;Gastroenterologia"
"Biofísica e radiobiologia","","Ressonância Magnética"
"Biomecânica","","Medicina Esportiva"
"Biomecânicas e cinesiologia","","Fisiatria"
"Bioquímica aplicada aos alimentos","","Nutrologia"
"Biossegurança","","Clínica Médica;Dermatologia;Endocrinologia e Metabologia;Medicina de Tráfego;Medicina Esportiva;Neurologia;Alergia e Imunologia Pediátrica;Angiologia;Cancerologia;Dermatologia Pediátrica;Endocrinologia Pediátrica;Endoscopia;Fisiatria;Genética Médica;Hematologia e Hemoterapia;Infectologia;Medicina Aeroespacial;Medicina de Fam. e Comunidade;Medicina de Urgência;Medicina Estética;Medicina Reprodutiva;Neonatologia;Nutrologia;Nutrologia Pediátrica;Ortopedia e Traumatologia;Otorrinolaringologia;Radiologia;Radioterapia;Ressonância Magnética;Reumatologia Pediátrica;Sexologia;UTI Pediátrica;UTI Pediátrica e Neonatal;Alergia e Imunologia;Ginecologia e Obstetrícia;Nutrologia Esportiva;Pneumologia e Tisiologia;Reumatologia;Clínica Médica Ginecológica;Urossexualidade Hormonal"
"Biossegurança em ressonância magnética","","Ressonância Magnética"
"Bronquiolite aguda viral","","Pneumologia Pediátrica"
"Bronquiolite obliterante","","Pneumologia Pediátrica"
"Bronquite Persistente Bacteriana","","Pneumologia Pediátrica"
"Bucofaringoestomatologia","","Otorrinolaringologia"
"Câncer na pediatria","","Cancerologia"
"Características Anatômicas e Fisiológicas do Sistema Respiratório na Criança","","Emergência Pediátrica"
"Cardiologia","","Clínica Médica"
"Cardiologia avançada","","Medicina Esportiva"
"Cardiologia básica","","Medicina Esportiva"
"Cardiologia cirúrgica","","Cardiologia"
"Cardiologia cirúrgica pediátrica","","Cardiologia Pediátrica"
"Cardiologia clínica pediátrica","","Cardiologia Pediátrica"
"Cardiologia clínica: arritmias cardíacas e coronariopatias","","Cardiologia;Urossexualidade Hormonal"
"Cardiologia clínica: valvulopatias, hipertensão arterial, insuficiência cardíaca, miocardiopatia e doenças infecciosas cardiológicas","","Cardiologia;Urossexualidade Hormonal"
"Cardiologia pediátrica","","Pediatria"
"Cardiopatias congênitas na pediatria  ","","Cardiologia Pediátrica"
"Cardiopediatria em UTI (arritmias, insuficiência cardíaca congestiva, parada cardiorrespiratória, pós-operatório de cirurgias cardíacas, transfusão sanguínea e uso de hemoderivados)","","UTI Pediátrica;UTI Pediátrica e Neonatal"
"Causas de risco para gestante e feto: aspectos fisiológicos, fisiopatológicos e erros inatos do metabolismo","","Neonatologia"
"Cefaleias no departamento de emergência","","Medicina de emergência"
"Cetoacidose Diabética","","Emergência Pediátrica"
"Cetoacidose diabéticas, distúrbios da coagulação, distúrbio ácido básico, distúrbio hidroeletrolítico","","UTI Pediátrica;UTI Pediátrica e Neonatal"
"Choques e traumas em UTI Pediátrica (choque, choque séptico, queimaduras e choque elétrico, politrauma e trauma crânio encefálico)","","UTI Pediátrica"
"Choques e traumas em UTI Pediátrica e Neonatal (choque, choque séptico, queimaduras e choque elétrico, politrauma e trauma crânio encefálico)","","UTI Pediátrica e Neonatal"
"Circulação pulmonar: tromboembolismo pulmonar e hipertensão pulmonar","","Pneumologia e Tisiologia"
"Cirurgia de cabeça e pescoço","","Otorrinolaringologia"
"Cirurgia gastroenterológica","","Endoscopia"
"Cirurgia ginecológica","","Ginecologia e Obstetrícia"
"Cirurgia ginecológica ","","Clínica Médica Ginecológica"
"Cirurgia oncológica","","Cancerologia"
"Citogenética e alterações cromossômicas","","Genética Médica"
"Climatério","","Ginecologia e Obstetrícia"
"Clínica angiológica","","Angiologia"
"Clínica dermatológica em medicina estética","","Medicina Estética"
"Clínica médica cardiológica","","Cardiologia"
"Clínica médica cardiológica pediátrica","","Cardiologia Pediátrica"
"Clínica médica em gastroenterologia","","Gastroenterologia"
"Clínica médica em radiologia","","Radiologia"
"Clínica médica endócrina","","Endocrinologia e Metabologia"
"Clínica médica endócrina pediátrica","","Endocrinologia Pediátrica"
"Clínica médica ginecológica e obstétrica","","Ginecologia e Obstetrícia"
"Clínica médica otorrinolaringológica","","Otorrinolaringologia"
"Clínica médica pediátrica: dermatologia pediátrica e alergias de contato","","Pediatria"
"Clínica médica pediátrica: endocrinologia pediátrica","","Pediatria"
"Clínica médica pediátrica: gastroenterologia pediátrica","","Pediatria"
"Clínica médica pediátrica: hematologia pediátrica e oncologia pediátrica","","Pediatria"
"Clínica médica pediátrica: hepatologia pediátrica e endoscopia pediátrica","","Pediatria"
"Clínica médica pediátrica: reumatologia pediátrica","","Pediatria"
"Clínica médica reumatológica","","Reumatologia"
"Coagulação","","Medicina Intensiva"
"Colagenoses","","Dermatologia;Reumatologia Pediátrica"
"Coloproctologia","","Endoscopia"
"Compactação, complexidade e organização do genoma","","Genética Médica"
"Comportamento do condutor","","Medicina de Tráfego"
"Compreensão das Lesões esportivas comuns no ambiente esportivo e a nutroterapia adequada","","Nutrologia Esportiva"
"Conceitos básicos e tipos de intercurso","","Sexologia"
"Conceitos em geriatria e gerontologia","","Geriatria e Gerontologia"
"Conceitos em nutrologia","","Nutrologia"
"Congênitas e cardiopediatria - Clínica médica cardiológica","","Cardiologia Clínica"
"Conhecimentos básicos de imunologia","","Alergia e Imunologia"
"Conhecimentos básicos de imunologia pediátrica","","Alergia e Imunologia Pediátrica"
"Contatologia e visão subnormal","","Oftalmologia Pediátrica;Oftalmologia"
"Controle de saúde dos trabalhadores da saúde","","Medicina do Trabalho "
"Córnea e cirurgia para transplantes","","Oftalmologia Pediátrica;Oftalmologia"
"Cosmetologia e cosmiatria","","Medicina Estética"
"COVID 19 em Pediatria","","Infectologia"
"Criminologia","","Perícias Médicas"
"Crises convulsivas","","Medicina de emergência"
"Cuidados intensivos em pneumologia pediátrica","","Pneumologia Pediátrica"
"Cuidados paliativos","","Geriatria e Gerontologia"
"Cuidados paliativos e controle de sintomas","","Cancerologia"
"DAC crônica (tratamento clínico, percutâneo e cirúrgico) - Cardiologia cirúrgica","","Cardiologia Clínica"
"Densitometria óssea","","Radiologia"
"Dermatite atópica e de contato","","Dermatologia Pediátrica"
"Dermatite atópica e dermatite de contato","","Dermatologia"
"Dermatite atópica na infância","","Alergia e Imunologia Pediátrica"
"Dermatite da área das fraldas e Urticária","","Dermatologia Pediátrica"
"Dermatite de contato na infância","","Alergia e Imunologia Pediátrica"
"Dermatologia","","Clínica Médica"
"Dermatopatologia","","Dermatologia"
"Dermatoviroses e dermatozoonozes","","Dermatologia"
"Derrame Pleural Simples e Complicado","","Pneumologia Pediátrica"
"Desarmonia corporal e alterações com ênfase no segmento corporal","","Medicina Estética"
"Desenvolvimento do sistema respiratório","","Pneumologia Pediátrica"
"Desenvolvimento embrionário do sistema endócrino","","Endocrinologia Pediátrica"
"Desnutrição ambulatorial/hospitalar","","Nutrologia Pediátrica"
"Diabetes mellitus","","Endocrinologia e Metabologia;Endocrinologia Pediátrica"
"Diagnóstico clínico e laboratoriais das doenças alérgicas","","Alergia e Imunologia Pediátrica;Alergia e Imunologia"
"Diagnóstico dos fatores de infertilidade","","Medicina Reprodutiva"
"Diagnóstico e exames","","Cancerologia"
"Diagnóstico por imagem","","Medicina Esportiva"
"Diagnóstico por Imagem com atuação exclusiva em ultrassonografia geral","","Radiologia"
"Didática de ensino superior / Metodologia da pesquisa científica","","Medicina do Trabalho;Cardiologia;Clínica Médica;Dermatologia;Endocrinologia e Metabologia;Geriatria e Gerontologia;Medicina de Tráfego;Medicina Esportiva;Neurologia;Pediatria;Psiquiatria;Alergia e Imunologia Pediátrica;Angiologia;Cancerologia;Cardiologia Clínica;Cardiologia Pediátrica;Dermatologia Pediátrica;Emergência Pediátrica;Endocrinologia Pediátrica;Endoscopia;Fisiatria;Genética Médica;Hematologia e Hemoterapia;Infectologia;Medicina Aeroespacial;Medicina de emergência;Medicina de Fam. e Comunidade;Medicina de Urgência;Medicina Estética;Medicina Intensiva;Medicina Legal;Medicina Pericial;Medicina Reprodutiva;Nefrologia;Neonatologia;Neurofisiologia Clínica;Nutrologia;Nutrologia Pediátrica;Oftalmologia Pediátrica;Ortopedia e Traumatologia;Otorrinolaringologia;Perícias Judiciais Médicas;Perícias Médicas;Pneumologia Pediátrica;Psiquiatria Infantil;Radiologia;Radioterapia;Ressonância Magnética;Reumatologia Pediátrica;Sexologia;UTI Pediátrica;UTI Pediátrica e Neonatal;Alergia e Imunologia;Ginecologia e Obstetrícia;Nutrologia Esportiva;Oftalmologia;Pneumologia e Tisiologia;Reumatologia;Urossexualidade Hormonal;Clínica Médica Ginecológica;Gastroenterologia "
"Dietoterapia e dietética","","Nutrologia"
"Dificuldades alimentares","","Nutrologia Pediátrica"
"Dilatações de extensões benignas e malignas do aparelho digestivo","","Endoscopia"
"Direito aeroespacial","","Medicina Aeroespacial"
"Direito da ancianidade","","Geriatria e Gerontologia"
"Direito desportivo","","Medicina Esportiva"
"Direito do trabalho aeroespacial","","Medicina Aeroespacial"
"Direito médico ","","Cardiologia;Clínica Médica;Endocrinologia e Metabologia;Geriatria e Gerontologia;Medicina de Tráfego;Medicina Esportiva;Neurologia;Alergia e Imunologia Pediátrica;Angiologia;Cancerologia;Cardiologia Clínica;Cardiologia Pediátrica;Dermatologia Pediátrica;Emergência Pediátrica;Endocrinologia Pediátrica;Endoscopia;Fisiatria;Genética Médica;Hematologia e Hemoterapia;Infectologia;Medicina de Fam. e Comunidade;Medicina de Urgência;Medicina Estética;Medicina Legal;Medicina Reprodutiva;Neonatologia;Neurofisiologia Clínica;Nutrologia;Nutrologia Pediátrica;Ortopedia e Traumatologia;Otorrinolaringologia;Perícias Médicas;Pneumologia Pediátrica;Radiologia;Radioterapia;Ressonância Magnética;Reumatologia Pediátrica;Sexologia;UTI Pediátrica;UTI Pediátrica e Neonatal;Alergia e Imunologia;Nutrologia Esportiva;Pneumologia e Tisiologia;Clínica Médica Ginecológica;Urossexualidade Hormonal "
"Direito médico e Ética Médica","","Dermatologia;Pediatria;Psiquiatria;Medicina de emergência;Medicina Intensiva;Nefrologia;Oftalmologia Pediátrica;Pneumologia Pediátrica;Psiquiatria Infantil;Ginecologia e Obstetrícia;Oftalmologia;Reumatologia;Medicina Aeroespacial;Gastroenterologia "
"Direito nacional e internacional em saúde e trabalho","","Medicina do Trabalho "
"Direito sanitário","","Neonatologia"
"Discussão de casos clínicos - Semiologia em cardiologia","","Cardiologia Clínica"
"Discussão de casos em gastroenterologia I","","Gastroenterologia"
"Discussão de casos em gastroenterologia II","","Gastroenterologia"
"Disfunção erétil e vasodilatadores administráveis ","","Urossexualidade Hormonal"
"Disfunções hipofisárias","","Endocrinologia e Metabologia"
"Disfunções hipofisárias na infância","","Endocrinologia Pediátrica"
"Disfunções renais","","Endocrinologia e Metabologia"
"Disfunções renais na infância","","Endocrinologia Pediátrica"
"Disfunções sexuais","","Sexologia;Urossexualidade Hormonal"
"Disfunções tireoidianas","","Endocrinologia e Metabologia"
"Dislipidemia","","Nutrologia Pediátrica"
"Dislipidemias, obesidade e síndrome metabólica","","Endocrinologia e Metabologia"
"Dislipidemias, obesidade e síndrome metabólica ","","Endocrinologia Pediátrica"
"Displasia broncopulmonar","","Pneumologia Pediátrica"
"Distúrbio do Ritmo Cardíaco","","Emergência Pediátrica"
"Distúrbios de coagulação","","Hematologia e Hemoterapia"
"Distúrbios do desenvolvimento sexual","","Endocrinologia Pediátrica"
"Distúrbios do metabolismo do cálcio","","Endocrinologia e Metabologia;Endocrinologia Pediátrica"
"Distúrbios do metabolismo mineral e ósseo na doença renal crônica","","Nefrologia"
"Distúrbios do sono e direção veicular","","Medicina de Tráfego"
"Distúrbios do sono e pilotagem de aeronaves","","Medicina Aeroespacial"
"Distúrbios gonadais","","Endocrinologia e Metabologia"
"Distúrbios gonadais na infância","","Endocrinologia Pediátrica"
"Distúrbios hidroeletrolíticos","","Neurologia"
"Distúrbios osteomusculares relacionados ao trabalho (LER/DORT)","","Reumatologia"
"Distúrbios psiquiátricos","","Neurologia"
"Distúrbios sistêmicos com acometimento oftalmológico","","Oftalmologia Pediátrica;Oftalmologia"
"Divertículos do esôfago, estômago e intestino delgado","","Gastroenterologia"
"Doença de Lyme","","Reumatologia"
"Doença de Raynaud e fenômenos de Raynaud (capilaroscopia)","","Reumatologia"
"Doença renal crônica","","Nefrologia"
"Doenças adrenais","","Endocrinologia e Metabologia"
"Doenças adrenais na infância","","Endocrinologia Pediátrica"
"Doenças articulares degenerativas","","Reumatologia"
"Doenças cardiovasculares","","Neurologia"
"Doenças da coluna vertebral, dorsalgias e reabilitação","","Reumatologia"
"Doenças de Kawasaki","","Reumatologia Pediátrica"
"Doenças do esofago","","Gastroenterologia"
"Doenças do pâncreas","","Gastroenterologia"
"Doenças do sistema nervoso","","Neurologia"
"Doenças dos Intestinos","","Gastroenterologia"
"Doenças dos Intestinos II","","Gastroenterologia"
"Doenças endocrinológicas","","Neurologia"
"Doenças extraoculares","","Oftalmologia Pediátrica;Oftalmologia"
"Doenças gastroenterológicas e vasculares do TGI","","Gastroenterologia"
"Doenças imunológicas","","Neurologia"
"Doenças infecciosas","","Neurologia"
"Doenças Infecciosas Cardiológicas","","Infectologia"
"Doenças infecciosas do neonato e Afecções gastrointestinais do neonato","","Neonatologia"
"Doenças infecciosas prevalentes, doenças exantemáticas e imunocompetência","","Pediatria"
"Doenças miopáticas","","Reumatologia"
"Doenças ocupacionais","","Medicina Pericial;Perícias Judiciais Médicas"
"Doenças ocupacionais e ambientais","","Pneumologia e Tisiologia"
"Doenças osteometabólicas","","Endocrinologia e Metabologia"
"Doenças osteometabólicas na infância","","Endocrinologia Pediátrica"
"Doenças parasitárias","","Neurologia"
"Doenças pleurais: derrames pleurais e pneumotórax","","Pneumologia e Tisiologia"
"Doenças profissionais","","Medicina do Trabalho "
"Doenças pulmonares intersticiais difusas","","Pneumologia e Tisiologia"
"Doenças Pulmonares Intersticiais e Autoimunes","","Pneumologia Pediátrica"
"Doenças renais policísticas","","Nefrologia"
"Doenças respiratórias do sono","","Pneumologia e Tisiologia"
"Doenças reumáticas autoimunes e osteometabólicas","","Reumatologia"
"Doenças sexualmente transmissíveis","","Urossexualidade Hormonal"
"Doenças sexualmente transmissíveis (DST), Hepatites Virais e Antivirais","","Infectologia"
"Doenças vasculares periféricas","","Angiologia"
"Doping no esporte e o Uso da TUE (therapeutic use exemptions)","","Nutrologia Esportiva"
"Dor","","Neurologia"
"Dor pélvica crônica, sacroileítes e doenças inflamatórias (vasculitides)","","Reumatologia"
"Dor torácica no departamento de emergência","","Medicina de emergência"
"Dores crônicas em Pediatria","","Reumatologia Pediátrica"
"Dosimetria clínica","","Radioterapia"
"DPOC","","Pneumologia e Tisiologia"
"ECG - Métodos diagnósticos: eletrocardiograma","","Cardiologia Clínica"
"Eco na UTI pediátrica e neonatal, emergência hipertensiva, emergências oncológicas e transplante de medula óssea","","UTI Pediátrica e Neonatal"
"Eco na UTI Pediátrica, emergência hipertensiva, emergências oncológicas e transplante de medula óssea","","UTI Pediátrica"
"Ecoendoscopia (ultra-sonografia endoscópica) diagnostica e terapêutica","","Endoscopia"
"Ecografia vascular com doppler","","Radiologia"
"Educação sexual","","Sexologia;Urossexualidade Hormonal"
"Elaboração de laudos","","Medicina Legal"
"Elaboração de planos alimentares adaptados a diferentes fases: treinamento, competição, reabilitação","","Nutrologia Esportiva"
"Eletroencefalografia","","Neurofisiologia Clínica"
"Eletromedicina","","Medicina Estética"
"Eletroneuromiografia","","Neurofisiologia Clínica"
"Embriologia e o laboratório de reprodução humana","","Medicina Reprodutiva"
"Embriologia, anatomia, histologia e bioquímica ocular","","Oftalmologia Pediátrica;Oftalmologia"
"Emergência e PCR - Ressuscitação cardiorrespiratória e emergência cardiológica","","Cardiologia Clínica"
"Emergência em endocrinologia","","Endocrinologia e Metabologia"
"Emergência em endocrinologia pediátrica","","Endocrinologia Pediátrica"
"Emergência, internação, suicídio e tentativa de suicídio, ética e pesquisa em psiquiatria","","Psiquiatria"
"Emergências e afecções cirúrgicas no neonato","","UTI Pediátrica e Neonatal"
"Emergencias em gastroenterologia","","Gastroenterologia"
"Emergências médicas e terapia intensiva","","Clínica Médica"
"Emergências pediátricas","","Pneumologia Pediátrica"
"Endocrinologia","","Clínica Médica;Geriatria e Gerontologia"
"Endocrinologia ginecológica","","Ginecologia e Obstetrícia"
"Endocrinologia pediátrica – Distúrbios do desenvolvimento sexual","","Endocrinologia e Metabologia"
"Endocrinologia sexual e reposição hormonal","","Urossexualidade Hormonal"
"Endoscopia digestiva alta diagnóstica de neoplasias do aparelho digestivo","","Endoscopia"
"Endoscopia digestiva alta terapêutica","","Endoscopia"
"Endoscopia digestiva diagnóstica (colangiopancreatografia endoscópica retrógrada) das vias biliares e pancreáticas","","Endoscopia"
"Envelhecimento cutâneo e alterações com ênfase no segmento facial","","Medicina Estética"
"Envelhecimento genito-urinário e nefrológico","","Geriatria e Gerontologia;Urossexualidade Hormonal"
"Envelhecimento osteoarticular e dos tecidos","","Geriatria e Gerontologia"
"Epidemiologia","","Medicina do Trabalho; Medicina de Tráfego; Fisiatria; Medicina Reprodutiv "
"Epidemiologia do ciclo vital","","Pediatria"
"Epidemiologia do envelhecimento","","Geriatria e Gerontologia"
"Epidemiologia em oftalmologia","","Oftalmologia"
"Epidemiologia em oftalmologia pediátrica","","Oftalmologia Pediátrica"
"Equipamentos e sistemas de segurança","","Medicina Aeroespacial"
"Ergonomia","","Medicina do Trabalho "
"Erupções por drogas e erupções vésico-bolhosa","","Dermatologia"
"Esquizofrenia - Depressão infantil - Transtornos somatoformes","","Psiquiatria Infantil"
"Esquizofrenia, transtorno esquizoafetivo e outros transtornos psicóticos","","Psiquiatria"
"Estado de mal epiléptico","","Emergência Pediátrica"
"Estágio supervisionado (Prática Profissional Desenvolvida no Ambiente de Trabalho - PPDAT)","","Endocrinologia e Metabologia;Geriatria e Gerontologia;Pediatria;Angiologia;UTI Pediátrica e Neonatal;Alergia e Imunologia;Ginecologia e Obstetrícia;Clínica Médica Ginecológica "
"Estágio supervisionado em cancerologia (Prática Profissional Desenvolvida no Ambiente de Trabalho - PPDAT)","","Cancerologia"
"Estágio supervisionado em cardiologia (Prática Profissional Desenvolvida no Ambiente de Trabalho - PPDAT)","","Cardiologia"
"Estágio supervisionado em clínica médica (Prática Profissional Desenvolvida no Ambiente de Trabalho – PPDAT)","","Clínica Médica"
"Estágio supervisionado em dermatologia (Prática Profissional Desenvolvida no Ambiente de Trabalho – PPDAT)","","Dermatologia;Hematologia e Hemoterapia"
"Estágio supervisionado em endoscopia (Prática Profissional Desenvolvida no Ambiente de Trabalho - PPDAT)","","Endoscopia"
"Estágio supervisionado em gastroenterologia (Prática Profissional Desenvolvida no Ambiente de Trabalho - PPDAT)","","Gastroenterologia"
"Estágio supervisionado em genética médica (Prática profissional desenvolvida em ambiente de trabalho – PPDAT)","","Genética Médica"
"Estágio supervisionado em Infectologia (Prática Profissional Desenvolvida em Ambiente de Trabalho – PPDAT)","","Infectologia"
"Estágio supervisionado em medicina do trabalho – 24 meses","","Medicina do Trabalho "
"Estágio supervisionado em medicina legal (Prática Profissional Desenvolvida no Ambiente de Trabalho – PPDAT)","","Medicina Legal"
"Estágio supervisionado em medicina pericial (Prática Profissional Desenvolvida no Ambiente de Trabalho – PPDAT)","","Medicina Pericial"
"Estágio supervisionado em medicina reprodutiva (Prática Profissional Desenvolvida no Ambiente do Trabalho – PPDAT)","","Medicina Reprodutiva"
"Estágio supervisionado em nefrologia (Prática Profissional Desenvolvida no Ambiente de Trabalho - PPDAT)","","Nefrologia"
"Estágio supervisionado em neonatologia (Prática Profissional Desenvolvida no Ambiente de Trabalho - PPDAT)","","Neonatologia"
"Estágio supervisionado em neurofisiologia clínica (Prática Profissional Desenvolvida no Ambiente de Trabalho – PPDAT)","","Neurofisiologia Clínica"
"Estágio supervisionado em neurologia (Prática Profissional Desenvolvida no Ambiente de Trabalho - PPDAT)","","Neurologia"
"Estágio supervisionado em Nutrologia (Prática Profissional Desenvolvida no Ambiente de Trabalho – PPDAT)","","Nutrologia"
"Estágio supervisionado em ortopedia e traumatologia (Prática Profissional Desenvolvida no Ambiente de Trabalho – PPDAT)","","Ortopedia e Traumatologia"
"Estágio supervisionado em pneumologia e tisiologia (Prática Profissional Desenvolvida no Ambiente de Trabalho – PPDAT)","","Pneumologia e Tisiologia"
"Estágio supervisionado em Pneumologia Pediátrica (PRÁTICA PROFISSIONAL DESENVOLVIDA NO AMBIENTE DE TRABALHO - PPDAT)","","Pneumologia Pediátrica"
"Estágio supervisionado em radiologia (Prática Profissional Desenvolvida no Ambiente de Trabalho – PPDAT)","","Radiologia"
"Estágio supervisionado em radioterapia (Prática Profissional Desenvolvida no Ambiente de Trabalho – PPDAT)","","Radioterapia"
"Estágio supervisionado em ressonância magnética (Prática Profissional Desenvolvida no Ambiente de Trabalho – PPDAT)","","Ressonância Magnética"
"Estágio supervisionado em reumatologia (Prática Profissional Desenvolvida no Ambiente de Trabalho - PPDAT)","","Reumatologia"
"Estágio supervisionado em UTI Pediátrica (Prática Profissional Desenvolvida no Ambiente de Trabalho - PPDAT)","","UTI Pediátrica"
"Estipulação de honorários em medicina pericial","","Medicina Pericial"
"Estipulação de honorários em perícias médicas","","Perícias Judiciais Médicas"
"Estratégia de Saúde da família","","Medicina de Fam. e Comunidade"
"Estruturação e dinâmica de família no contexto atual","","Psiquiatria Infantil"
"Estudo de casos clínicos","","Psiquiatria"
"Estudo médico legal das morbidades mais frequentes na perícia","","Medicina Legal"
"Estudo médico-legal do abortamento e do infanticídio","","Perícias Médicas"
"Estudos de casos em UTI pediátrica e neonatal","","UTI Pediátrica e Neonatal"
"Ética em Perícia","","Perícias Médicas"
"Ética médica","","Cardiologia;Clínica Médica;Endocrinologia e Metabologia;Geriatria e Gerontologia;Medicina de Tráfego;Medicina Esportiva;Neurologia;Alergia e Imunologia Pediátrica;Angiologia;Cancerologia;Cardiologia Clínica;Cardiologia Pediátrica;Dermatologia Pediátrica;Endocrinologia Pediátrica;Endoscopia;Fisiatria;Genética Médica;Hematologia e Hemoterapia;Infectologia;Medicina de Fam. e Comunidade;Medicina de Urgência;Medicina Estética;Medicina Legal;Medicina Reprodutiva;Neonatologia;Nutrologia;Nutrologia Pediátrica;Ortopedia e Traumatologia;Otorrinolaringologia;Pneumologia Pediátrica;Radiologia;Radioterapia;Ressonância Magnética;Reumatologia Pediátrica;Sexologia;UTI Pediátrica;UTI Pediátrica e Neonatal;Alergia e Imunologia;Nutrologia Esportiva;Pneumologia e Tisiologia;Clínica Médica Ginecológica;Urossexualidade Hormonal;Neurofisiologia Clínica"
"Ética médica e bioética","","Emergência Pediátrica"
"Ética médica em saúde e trabalho","","Medicina do Trabalho "
"Exame físico","","Cardiologia Clínica"
"Exames oftalmológicos","","Oftalmologia"
"Exames oftalmológicos pediátricos","","Oftalmologia Pediátrica"
"Exames relacionados à sexologia","","Sexologia"
"Exames subsidiários em nefrologia","","Nefrologia"
"Exercício físico, sistema imune e nutrição","","Nutrologia Esportiva"
"Farmacodermia","","Dermatologia Pediátrica"
"Farmacodermias e reação às drogas","","Alergia e Imunologia Pediátrica;Alergia e Imunologia"
"Farmacologia","","Cancerologia"
"Farmacologia aplicada à dermatologia","","Dermatologia"
"Farmacologia cardiológica pediátrica  ","","Cardiologia Pediátrica"
"Farmacologia dos meios de contraste","","Ressonância Magnética"
"Farmacologia em cardiologia","","Cardiologia;Urossexualidade Hormonal"
"Farmacologia em nefrologia","","Nefrologia"
"Farmacologia geriátrica","","Geriatria e Gerontologia"
"Farmacologia vascular","","Angiologia"
"Farmacologia, microbiologia e imunologia oftalmológica","","Oftalmologia"
"Farmacologia, microbiologia e imunologia oftalmológica pediátrica","","Oftalmologia Pediátrica"
"Fator masculino","","Medicina Reprodutiva"
"Febre reumática","","Reumatologia Pediátrica"
"Fibrose cística","","Pneumologia e Tisiologia"
"Física e radioproteção em radioterapia","","Radioterapia"
"Fisiologia do exercício","","Medicina Esportiva"
"Fisiologia do neonato","","Neonatologia"
"Fisiopatologia aeroespacial","","Medicina Aeroespacial"
"Fisiopatologia do Choque em Pediatria","","Emergência Pediátrica"
"Fisiopatologia do neonato","","Neonatologia"
"Fisiopatologias das doenças neurológicas","","Neurologia"
"Fluxo da informação genética: código genético e tradução","","Genética Médica"
"Fome oculta: Deficiência de micronutrientes: ferro, zinco, cálcio, selênio, cobre, vitaminas A, D,E,K, C e complexo B","","Nutrologia Pediátrica"
"Fórmulas infantis","","Nutrologia Pediátrica"
"Fotoproteção e fotoenvelhecimento","","Dermatologia"
"Fotoproteção e vitamina D","","Dermatologia Pediátrica"
"Fundamentos da terapia clínica e da sexologia clínica","","Sexologia"
"Gastroenterologia","","Clínica Médica;Endoscopia"
"Gastroenterologia geriátrica","","Geriatria e Gerontologia"
"Gastronomia esportiva e culinária fit","","Nutrologia Esportiva"
"Gastropediatria em UTI (pancreatites e hemorragia digestiva alta)","","UTI Pediátrica;UTI Pediátrica e Neonatal"
"Gastrostomias e jejunostomias por técnica de tração ou tipo introdutos","","Endoscopia"
"Genética de populações","","Genética Médica"
"Genética e bases cromossômicas da herança","","Genética Médica"
"Genética Forense","","Perícias Médicas"
"Genética quantitativa","","Genética Médica"
"Genética, citologia e fisiologia ocular","","Oftalmologia"
"Genética, citologia e fisiologia ocular na infância","","Oftalmologia Pediátrica"
"Gerenciamento oncológico","","Cancerologia"
"Geriatria","","Clínica Médica"
"Geriatria cardiorrespiratória","","Geriatria e Gerontologia"
"Geriatria preventiva","","Geriatria e Gerontologia"
"Geriatria preventiva e cardiorrespiratória","","Urossexualidade Hormonal"
"Gestão em saúde, segurança e meio ambiente","","Medicina do Trabalho "
"Gestão em segurança e saúde do trabalhador","","Medicina do Trabalho "
"Gestão estratégica em saúde coletiva","","Medicina de Fam. e Comunidade"
"Gestão no pronto socorro","","Medicina de Urgência"
"Ginecologia geral","","Ginecologia e Obstetrícia"
"Glaucoma, cristalino, catarata, esclera e úvea","","Oftalmologia Pediátrica;Oftalmologia"
"Glomerulopatias primárias","","Nefrologia"
"Grupos de risco em acidentes aeroespaciais","","Medicina Aeroespacial"
"Grupos de risco em acidentes de trânsito","","Medicina de Tráfego"
"Hanseníase, sífilis e DSTs","","Dermatologia"
"Hematologia","","Clínica Médica"
"Hepatologia I","","Gastroenterologia"
"Hepatologia II","","Gastroenterologia"
"Herança mendeliana","","Genética Médica"
"Hérnias e volvos ,Corpo estranho e bezoar","","Gastroenterologia"
"Higiene do trabalho","","Medicina do Trabalho "
"Hipertensão arterial sistêmica","","Nefrologia"
"História da Medicina Pericial","","Perícias Médicas"
"História da sexologia","","Sexologia"
"HIV","","Alergia e Imunologia"
"Iatrogenia em terapia intensiva","","Medicina Intensiva"
"IC e Miocardiopatia - Cardiologia clínica: valvulopatias, hipertensão arterial, insuficiência cardíaca, miocardiopatia e doenças infecciosas cardiológicas","","Cardiologia Clínica"
"Identidade de gênero","","Psiquiatria Infantil"
"Identificação do material genético: DNA, estrutura e replicação","","Genética Médica"
"Imagem no pronto-socorro","","Medicina de Urgência"
"Imaginologia em Traumato-Ortopedia","","Ortopedia e Traumatologia"
"Imaginologia urológica","","Urossexualidade Hormonal"
"Implantes faciais","","Medicina Estética"
"Imunizações e reações adversas a vacinas","","Alergia e Imunologia"
"Imunizações e reações adversas a vacinas infantis","","Alergia e Imunologia Pediátrica"
"Imunodeficiências primárias","","Alergia e Imunologia Pediátrica;Alergia e Imunologia"
"Imunologia aplicada à hematologia","","Hematologia e Hemoterapia"
"Imunonutrição, nutrição enteral e parenteral","","Medicina Intensiva"
"Imunossenescência","","Geriatria e Gerontologia"
"Indução da ovulação","","Medicina Reprodutiva"
"Infecção do trato urinário","","Nefrologia"
"Infecção e Sepse","","Medicina Intensiva"
"Infecção genital","","Ginecologia e Obstetrícia"
"Infecção genital ","","Clínica Médica Ginecológica"
"Infecção hospitalar e resíduos sólidos de serviços de Saúde, Profilaxias nas intervenções cirúrgicas, Vacinação aos profissionais de Saúde","","Infectologia"
"Infecções bacterianas, virais e fúngicas","","Dermatologia Pediátrica"
"Infecções congênitas (Toxoplasmose, rubéola, citomegalovírus, varicela, parvovirus b19, sífilis, herpes e hepatite B)","","Infectologia"
"Infecções de pele e medicações na dermatologia","","Dermatologia Pediátrica"
"Infecções de sistema nervoso central, infecções de partes moles, infecções de trato urinário, infecções ósseas e articulares","","Infectologia"
"Infecções respiratórias: bacterianas, virais, tuberculose, micoses e outras","","Pneumologia e Tisiologia"
"Infectologia","","Clínica Médica"
"Infortunística médico-legal","","Perícias Médicas"
"Inserção de stents no trato intestinal e no trato respiratório","","Endoscopia"
"Instalação de uma clínica de estética","","Medicina Estética"
"Instrumentação","","Neurofisiologia Clínica"
"Instrumentação em ressonância magnética","","Ressonância Magnética"
"Insuficiência respiratória e avaliação funcional pulmonar e do risco pré-operatório","","Pneumologia e Tisiologia"
"Interação gênica","","Genética Médica"
"Interações medicamentosas","","Medicina Intensiva"
"Intercorrências clínicas cardiológicas pediátricas","","Cardiologia Pediátrica"
"Intercorrências clínico-cirúrgicas em obstetrícia","","Ginecologia e Obstetrícia;Clínica Médica Ginecológica"
"Interpretação do exame de sangue","","Hematologia e Hemoterapia"
"Interpretação dos laudos de polissonografia e de exames de imagem torácica","","Pneumologia e Tisiologia"
"Intervenções em cardiologia","","Cardiologia"
"Intolerância a lactose","","Nutrologia Pediátrica"
"Intoxicação?","","Emergência Pediátrica"
"Intoxicações exógenas e acidentes por animais peçonhentos, agentes físicos e químicos","","Medicina Intensiva"
"Introdução","","Medicina do Trabalho "
"Introdução à cancerologia","","Cancerologia"
"Introdução à Endocrinologia pediátrica e Fisiologia Hormonal na infância","","Endocrinologia Pediátrica"
"Introdução à hematologia","","Hematologia e Hemoterapia"
"Introdução ao direito desportivo","","Ortopedia e Traumatologia"
"Investigação e prevenção do acidente aeroespacial","","Medicina Aeroespacial"
"Laboratório médico-legal","","Perícias Médicas"
"Laboratório, imunologia e diagnóstico reumatológico por imagem","","Reumatologia"
"Lactente sibilante","","Alergia e Imunologia Pediátrica"
"Lactente sibilante (Síndrome do bebê chiador)","","Pneumologia Pediátrica"
"Laringe e voz","","Otorrinolaringologia"
"Laser íntimo","","Clínica Médica Ginecológica"
"Legislação previdenciária","","Medicina do Trabalho "
"Legislações vigentes da anvisa e CFM para a prática da endoscopia digestiva","","Endoscopia"
"Leishmaniose tegumentar americana","","Dermatologia"
"Lesão renal aguda","","Nefrologia"
"Leucemias","","Hematologia e Hemoterapia"
"Ligação e mapeamento","","Genética Médica"
"Linfomas, mielomas e aplasias","","Hematologia e Hemoterapia"
"Lúpus eritematoso sistêmico","","Reumatologia Pediátrica"
"Malformações do sistema respiratório","","Pneumologia Pediátrica"
"Malformações e Intervenções cirúrgicas cardiovasculares","","Neonatologia"
"Malformações e intervenções cirúrgicas cardiovasculares","","UTI Pediátrica e Neonatal"
"Mamografia","","Radiologia"
"Manejo da Insuficiência Respiratória","","Emergência Pediátrica"
"Manifestações cutâneas das doenças sistêmicas","","Dermatologia"
"Manifestações cutâneas das imunodeficiências primárias","","Dermatologia Pediátrica"
"Manifestações do TGI na SIDA","","Gastroenterologia"
"Manifestações GI de doenças sistêmicas","","Gastroenterologia"
"Manifestações orais e cutâneas das doenças GI","","Gastroenterologia"
"Manipulação de imagem","","Ressonância Magnética"
"Marketing em nutrologia","","Nutrologia Esportiva"
"Mastologia","","Ginecologia e Obstetrícia"
"Mecanismos de alteração genética: mutação e reparo de DNA","","Genética Médica"
"Mecanismos de alteração genética: recombinação e transposição","","Genética Médica"
"Medicações tópicas e sistêmicas","","Dermatologia Pediátrica"
"Medicamentos, drogas e direção veicular","","Medicina de Tráfego"
"Medicamentos, drogas e pilotagem de aeronaves","","Medicina Aeroespacial"
"Medicina aeroespacial curativa","","Medicina Aeroespacial"
"Medicina aeroespacial preventiva","","Medicina Aeroespacial"
"Medicina aeroespacial securitária","","Medicina Aeroespacial"
"Medicina de aviação","","Medicina Aeroespacial"
"Medicina de tráfego","","Medicina de Tráfego"
"Medicina de tráfego aeroespacial","","Medicina de Tráfego"
"Medicina de tráfego aquático, ferroviário e rodoviário","","Medicina de Tráfego"
"Medicina de tráfego curativa","","Medicina de Tráfego"
"Medicina de tráfego e meio ambiente","","Medicina de Tráfego"
"Medicina de tráfego legal","","Medicina de Tráfego"
"Medicina de tráfego ocupacional","","Medicina de Tráfego;Medicina Aeroespacial"
"Medicina de tráfego preventiva","","Medicina de Tráfego"
"Medicina de tráfego securitária","","Medicina de Tráfego"
"Medicina do esporte","","Medicina Esportiva"
"Medicina do Esporte/reabilitação/TE","","Cardiologia Clínica"
"Medicina do sono","","Otorrinolaringologia"
"Medicina do trabalho","","Medicina Aeroespacial"
"Medicina do viajante","","Medicina de Tráfego;Medicina Aeroespacial"
"Medicina esportiva e reabilitação","","Ortopedia e Traumatologia"
"Medicina Legal e Perícias Médicas","","Perícias Médicas"
"Medidas e equipamentos de segurança ativa e passiva","","Medicina de Tráfego"
"Metabolismo de Macro/ Micronutrientes aplicados ao exercício físico: Fisiologia e Recomendações","","Nutrologia Esportiva"
"Metodologia da pesquisa científica","","Medicina do Trabalho; Cardiologia; Clínica Médica; Dermatologia; Endocrinologia e Metabologia; Geriatria e Gerontologia; Medicina de Tráfego; Medicina Esportiva; Neurologia; Pediatria; Psiquiatria; Alergia e Imunologia Pediátrica; Angiologia; Cancerologia; Cardiologia Clínica; Cardiologia Pediátrica; Dermatologia Pediátrica; Emergência Pediátrica; Endocrinologia Pediátrica; Endoscopia; Fisiatria; Genética Médica; Hematologia e Hemoterapia; Infectologia; Medicina Aeroespacial; Medicina de emergência; Medicina de Fam. e Comunidade; Medicina de Urgência; Medicina Estética; Medicina Intensiva; Medicina Legal; Medicina Pericial; Medicina Reprodutiva; Nefrologia; Neonatologia; Neurofisiologia Clínica; Nutrologia; Nutrologia Pediátrica; Oftalmologia Pediátrica; Ortopedia e Traumatologia; Otorrinolaringologia; Perícias Judiciais Médicas; Perícias Médicas; Pneumologia Pediátrica; Psiquiatria Infantil; Radiologia; Radioterapia; Ressonância Magnética; Reumatologia Pediátrica; Sexologia; UTI Pediátrica; UTI Pediátrica e Neonatal; Alergia e Imunologia; Ginecologia e Obstetrícia; Nutrologia Esportiva; Oftalmologia; Pneumologia e Tisiologia; Reumatologia; Urossexualidade Hormonal; Clínica Médica Ginecológica "
"Métodos cirúrgicos","","Angiologia"
"Métodos contraceptivos","","Sexologia"
"Métodos de avaliação da Composição Corporal no ambiente esportivo","","Nutrologia Esportiva"
"Métodos de diagnóstico em imagem","","Endocrinologia e Metabologia;Endocrinologia Pediátrica"
"Métodos de imagem em pneumologia pediátrica","","Pneumologia Pediátrica"
"Métodos diagnósticos","","Infectologia"
"Métodos diagnósticos em gastroenterologia","","Gastroenterologia"
"Métodos diagnósticos na cardiologia pediátrica","","Cardiologia Pediátrica"
"Métodos diagnósticos: eletrocardiograma","","Cardiologia"
"Métodos diagnósticos: eletrocardiograma e exames complementares","","Urossexualidade Hormonal"
"Métodos diagnósticos: exames complementares","","Cardiologia"
"Métodos locais estimulantes do metabolismo","","Medicina Estética"
"Métodos não invasivos - Métodos diagnósticos: exames complementares","","Cardiologia Clínica"
"Métodos ultrassonográficos em GO","","Ginecologia e Obstetrícia"
"Micoses Endêmicas e oportunistas, Prevenção das zoonoses","","Infectologia"
"Micoses profundas e superficiais","","Dermatologia"
"Microagulhamento íntimo","","Clínica Médica Ginecológica"
"Modalidades de tratamento","","Cancerologia"
"Modelos de diagnóstico na Psiquiatria Infantil - normal e patológico","","Psiquiatria Infantil"
"Modelos e práticas assistenciais","","Medicina de Fam. e Comunidade"
"Monitoração neurofisiológica intraoperatória e em UTI","","Neurofisiologia Clínica"
"Mutismo seletivo (MS) – Abuso físico e sexual - Enurese e encoprese","","Psiquiatria Infantil"
"Necessidades Energéticas e estratégias nutricionais para mudança da composição corporal","","Nutrologia Esportiva"
"Nefrites intersticiais","","Nefrologia"
"Nefrologia e urologia","","Clínica Médica"
"Nefrologia e urologia pediátrica","","Nefrologia"
"Nefrologia pediátrica e urologia pediátrica","","Pediatria"
"Nefropediatria em UTI (lesão renal aguda, insuficiência hepática aguda, insuficiência adrenal e métodos dialíticos)","","UTI Pediátrica;UTI Pediátrica e Neonatal"
"Neonato","","UTI Pediátrica e Neonatal"
"Neonato e temas especiais em neonatologia","","Neonatologia"
"Neonatologia","","Pediatria"
"Neoplasia genital","","Ginecologia e Obstetrícia"
"Neoplasias respiratórias: câncer de pulmão e outras","","Pneumologia e Tisiologia"
"Neuro-oftalmologia","","Oftalmologia Pediátrica;Oftalmologia"
"Neuroanatomia","","Neurofisiologia Clínica"
"Neurofisiologia básica","","Neurofisiologia Clínica"
"Neurogeriatria","","Geriatria e Gerontologia"
"Neurolinguística na mudança do comportamento alimentar","","Nutrologia"
"Neurologia","","Clínica Médica"
"Neurologia clínica","","Neurofisiologia Clínica"
"Neurologia pediátrica","","Psiquiatria Infantil"
"Neurologia pediátrica e psiquiatria pediátrica","","Pediatria"
"Neuropediatria","","Neurologia"
"Neuropediatria em UTI (estado de mal epiléptico e outras recorrências)","","UTI Pediátrica;UTI Pediátrica e Neonatal"
"Neurorradiologia diagnóstica","","Radiologia"
"Neurorradiologia terapêutica","","Radiologia"
"Nevos, tumores de pele e doenças sistêmicas","","Dermatologia Pediátrica"
"Noções básicas de ginecologia e obstetrícia","","Ginecologia e Obstetrícia"
"Noções de cosmiatria","","Dermatologia"
"Noções de dermatoscopia","","Dermatologia"
"Noções do desenvolvimento normal/ Psicopatologia do desenvolvimento","","Psiquiatria Infantil"
"Noções gerais de ortopedia","","Ortopedia e Traumatologia"
"Nutrição e neonato","","Neonatologia"
"Nutrição enteral e parental","","UTI Pediátrica;UTI Pediátrica e Neonatal"
"Nutrição geriátrica","","Geriatria e Gerontologia;Urossexualidade Hormonal"
"Nutrição para o Neuropata","","Nutrologia Pediátrica"
"Nutrição para o Prematuro","","Nutrologia Pediátrica"
"Nutrologia clínica: doenças carenciais, síndrome metabólica e obesidade","","Nutrologia"
"Nutrologia esportiva","","Medicina Esportiva;Nutrologia"
"Nutrologia intensiva (enteral e parental)","","Nutrologia"
"Nutrologia pediátrica","","Nutrologia"
"Nutrologia pediátrica e alergias alimentares","","Pediatria"
"O estado de saúde dos motoristas","","Medicina de Tráfego"
"Obesidade","","Nutrologia Pediátrica"
"Obstetrícia normal: gestação, parto e puerpério","","Ginecologia e Obstetrícia"
"Obstrução das vias aéreas superiores","","Pneumologia Pediátrica"
"Oftalmologia pediátrica","","Pediatria"
"Oftalmologia pediátrica e estrabismo","","Oftalmologia Pediátrica;Oftalmologia"
"Oftalmologia, Hepatologia e Acromegalia","","Clínica Médica"
"Oncologia","","Geriatria e Gerontologia"
"Oncologia do trato digestivo","","Gastroenterologia"
"Oncologia ocular","","Oftalmologia"
"Oncologia ocular pediátrica","","Oftalmologia Pediátrica"
"Oncologia pediátrica","","Pneumologia Pediátrica"
"Óptica física e fisiológica","","Oftalmologia Pediátrica;Oftalmologia"
"Órbita e cirurgia oculoplástica","","Oftalmologia"
"Organização de serviços de saúde do trabalhador","","Medicina do Trabalho "
"Orientação sexual egodistônica","","Sexologia"
"Órteses e próteses","","Medicina Esportiva"
"Ortopedia e traumatologia desportiva","","Medicina Esportiva"
"Otologia","","Otorrinolaringologia"
"Otoneurologia","","Otorrinolaringologia"
"Otorrinolaringologia","","Clínica Médica"
"Otorrinolaringologia ocupacional","","Otorrinolaringologia"
"Pálpebra e vias lacrimais","","Oftalmologia Pediátrica;Oftalmologia"
"Pâncreas Endócrino","","Endocrinologia e Metabologia"
"Papel da endoscopia ginecológica na infertilidade","","Medicina Reprodutiva"
"Parada cardiorrespiratória (PCR)","","Emergência Pediátrica"
"Paratireoide","","Endocrinologia e Metabologia;Endocrinologia Pediátrica"
"Patologia","","Fisiatria"
"Patologia clínica e monitoração bioquímica","","Medicina Esportiva"
"Patologia do trabalho: acidente e doenças do trabalho","","Medicina do Trabalho "
"Patologia renal","","Nefrologia"
"Patologia urogenital","","Urossexualidade Hormonal"
"Patologias benignas e oncologia clínica básica","","Radioterapia;Ressonância Magnética"
"Patologias da coluna","","Ortopedia e Traumatologia"
"Patologias dos membros inferiores","","Ortopedia e Traumatologia"
"Patologias dos membros superiores","","Ortopedia e Traumatologia"
"Patologias infeccionas: mononucleose infecciosa, leptospirose, raiva, febre amarela, tétano, doença de chagas, dengue e leishmaniose, Malária, Hanseníase, Tuberculose","","Infectologia"
"Patologias obstétricas","","Ginecologia e Obstetrícia"
"Patologias oncológicas","","Cancerologia"
"Patologias ortopédicas pediátricas","","Ortopedia e Traumatologia"
"Peelings","","Medicina Estética"
"Pele e dermatoses do recém-nascido","","Dermatologia Pediátrica"
"Perícia administrativa e saúde ocupacional","","Perícias Médicas"
"Perícia de tráfego","","Medicina Pericial;Perícias Judiciais Médicas"
"Perícia médica","","Medicina de Tráfego"
"Perícia médica aeroespacial","","Medicina Aeroespacial"
"Perícia Previdenciária","","Perícias Médicas"
"Perícias criminais","","Medicina Legal"
"Perícias e direito administrativo","","Medicina Pericial;Perícias Judiciais Médicas"
"Perícias e direito civil","","Medicina Pericial;Perícias Judiciais Médicas"
"Perícias e direito do trabalho","","Medicina Pericial;Perícias Judiciais Médicas"
"Perícias e direito médico","","Medicina Pericial;Perícias Judiciais Médicas"
"Perícias e direito penal","","Medicina Pericial;Perícias Judiciais Médicas"
"Perícias e direito securitário","","Medicina Pericial;Perícias Judiciais Médicas"
"Perícias em medicina do trabalho","","Medicina do Trabalho "
"Perícias em saúde e trabalho","","Medicina do Trabalho "
"Perícias em vítimas de acidentes de consumo","","Perícias Médicas"
"Perícias extrajudiciais","","Medicina Legal"
"Perícias judiciais","","Medicina Pericial"
"Perícias judiciais não criminais","","Medicina Legal"
"Perícias médicas","","Medicina Legal"
"Perícias médico-legais","","Medicina Pericial"
"Perícias psiquiátricas","","Medicina Pericial"
"Perícias Trabalhistas","","Perícias Médicas"
"Piodermites e micobacterioses atípicas","","Dermatologia"
"Planejamento aplicado a sistemas e serviços de saúde","","Medicina de Fam. e Comunidade"
"Pneumologia","","Clínica Médica"
"Pneumologia pediátrica e alergias pulmonares","","Pediatria"
"Pneumonia da Fibrose cística","","Pneumologia Pediátrica"
"Pneumonias Adquiridas na Comunidade e Hospitalares - Outras Complicações de Pneumonias: Necrose, Abscesso, Pneumatoceles","","Pneumologia Pediátrica"
"Pneumopatias supurativas: bronquiectasias e abscesso de pulmão","","Pneumologia e Tisiologia"
"Pneumopediatria em UTI (afogamento, obstrução das vias aéreas superiores, abordagem da via aérea difícil, acesso venoso profundo, síndrome do desconforto respiratório agudo, ventilação mecânica em quadros obstrutivos, ventilação não invasiva, ventilação mecânica em quadros restritivos e intubação e sequência rápida)","","UTI Pediátrica;UTI Pediátrica e Neonatal"
"Polissonografia","","Neurofisiologia Clínica"
"Política nacional da atenção básica e a estratégia de saúde da família","","Medicina de Fam. e Comunidade"
"Políticas de atenção à saúde ambiental, à saúde da mulher, à saúde da criança e do adolescente, à saúde do adulto e do idoso, à saúde bucal, à saúde mental e à saúde integral","","Medicina de Fam. e Comunidade"
"Políticas de saúde em atenção ao neonato","","Neonatologia;UTI Pediátrica e Neonatal"
"Políticas públicas em saúde e controle social no SUS","","Medicina de Fam. e Comunidade"
"Políticas públicas em saúde e trabalho","","Medicina do Trabalho "
"Potenciais evocados","","Neurofisiologia Clínica"
"Prática de Atividade física no contexto da promoção da saúde","","Nutrologia Esportiva"
"Práticas em perícias médicas","","Medicina Legal"
"Pré e pós-operatório","","Medicina Intensiva"
"Pré e pós-operatório e hemodinâmico","","Angiologia"
"Prematuridade","","Neonatologia;UTI Pediátrica e Neonatal"
"Preparação de extratos alérgicos","","Alergia e Imunologia"
"Preservação de fertilidade","","Medicina Reprodutiva"
"Prevenção CV (HAS/DM/Disl) - Farmacologia em cardiologia","","Cardiologia Clínica"
"Princípios de amputações","","Ortopedia e Traumatologia"
"Princípios de Estimulação Não-Invasiva do Sistema Nervoso","","Neurofisiologia Clínica"
"Princípios farmacológicos em Endoscopia","","Endoscopia"
"Problemas no aeroporto","","Medicina Aeroespacial"
"Procedimentos invasivos de diagnóstico e tratamento","","Medicina Intensiva"
"Procedimentos não-invasivos e reabilitação pós-amputação","","Angiologia"
"Procedimentos radiológicos em radioterapia","","Radioterapia"
"Processos de trabalho e controle de riscos","","Medicina do Trabalho "
"Programas de combate a endemias e a estratégia de saúde da família","","Medicina de Fam. e Comunidade"
"Promoção da saúde no trabalho","","Medicina do Trabalho "
"Propedêutica angiológica","","Angiologia"
"Propedêutica e avaliação retiniana","","Oftalmologia"
"Propedêutica e avaliação retiniana da criança","","Oftalmologia Pediátrica"
"Propedêutica em Reumatologia Pediátrica","","Reumatologia Pediátrica"
"Propedêutica subsidiária e medicina fetal","","Ginecologia e Obstetrícia"
"Prótese e órteses","","Ortopedia e Traumatologia"
"Protocolos de hidratação antes, durante e após o exercício/mecanismos de termorregulação","","Nutrologia Esportiva"
"Protocolos em ressonância magnética","","Ressonância Magnética"
"Provas de função pulmonar","","Pneumologia Pediátrica"
"Psicofarmacogenética - Exames complementares - Neurofisiologia","","Psiquiatria Infantil"
"Psicofarmacologia e interações medicamentosas em psiquiatria","","Psiquiatria"
"Psicofarmacologia e interações medicamentosas em psiquiatria infantil","","Psiquiatria Infantil"
"Psicogeriatria","","Psiquiatria"
"Psicopatologia","","Psiquiatria"
"Psicopatologia Forense","","Perícias Médicas"
"Psicoterapia, Terapias biológicas e Estresse Pós-Traumático","","Psiquiatria"
"Psiquiatria","","Clínica Médica"
"Psiquiatria da infância e adolescência","","Psiquiatria"
"Psiquiatria forense e pericial","","Psiquiatria"
"Púrpura de Henoch-Schonlein","","Reumatologia Pediátrica"
"Radiobiologia aplicada a radioterapia","","Radioterapia"
"Radiologia e diagnóstico por imagem","","Radiologia"
"Radiologia e exames complementares","","Angiologia"
"Radiologia intervencionista e angiorradiologia","","Radiologia"
"Reabilitação cardiovascular","","Cardiologia"
"Reabilitação e retorno ao trabalho","","Medicina do Trabalho "
"Reabilitação em angiologia","","Angiologia"
"Reabilitação global do paciente","","Fisiatria"
"Reabilitação pós-operatória em cirurgia plástica","","Medicina Estética"
"Reanimação cardiopulmonar e cerebral","","Medicina de Urgência"
"Reanimação cardiorrespiratória na criança e emergências pediátricas  ","","Cardiologia Pediátrica"
"Reconhecimento e Tratamento do Choque","","Emergência Pediátrica"
"Recursos ergogênicos no Exercício e no Esporte: nutricionais, psicológicos, farmacêuticos","","Nutrologia Esportiva"
"Rede de assistência a sexologia no SUS","","Sexologia"
"Refração, retinoscopia e distúrbios da conjuntiva","","Oftalmologia Pediátrica;Oftalmologia"
"Regulação da expressão gênica: eucariotos","","Genética Médica"
"Regulação da expressão gênica: procariotos","","Genética Médica"
"Relações humanas e sexualidade","","Sexologia"
"Reprodução humana","","Ginecologia e Obstetrícia"
"Responsabilidade civil e penal e Perícias cíveis","","Perícias Médicas"
"Responsabilidade civil, penal e administrativa do perito judicial e do assistente técnico","","Medicina Pericial;Perícias Judiciais Médicas"
"Ressonância magnética na clínica médica","","Ressonância Magnética"
"Ressonância magnética na neurologia","","Ressonância Magnética"
"Ressonância magnética na oncologia","","Ressonância Magnética"
"Ressonância magnética na ortopedia e traumatologia","","Ressonância Magnética"
"Ressuscitação cardiorrespiratória e emergência cardiológica","","Cardiologia"
"Retina, vítreo, mácula e tumores","","Oftalmologia Pediátrica;Oftalmologia"
"Reumatologia","","Clínica Médica;Ortopedia e Traumatologia"
"Reumatologia pediátrica","","Reumatologia"
"Rim e doenças sistêmicas","","Nefrologia"
"Rim e gestação","","Nefrologia"
"Rim e vasculites","","Nefrologia"
"Rinite alérgica","","Alergia e Imunologia Pediátrica"
"Rinologia","","Otorrinolaringologia"
"Rinossinusites Agudas e Crônicas Alérgicas e Não Alérgicas","","Pneumologia Pediátrica"
"Saneamento ambiental","","Medicina do Trabalho "
"Sarcoidose e outras doenças granulomatosas","","Pneumologia e Tisiologia"
"Saúde ambiental, poluição ambiental e saneamento do meio","","Medicina do Trabalho "
"Saúde, trabalho, gênero","","Medicina do Trabalho "
"Sedação e analgesia em UTI","","Medicina Intensiva"
"Segurança no trabalho","","Medicina do Trabalho "
"Seminario de orientação de TCC","","Gastroenterologia"
"Semiologia","","Fisiatria"
"Semiologia e perícia médica","","Medicina Pericial;Perícias Judiciais Médicas"
"Semiologia em cardiologia","","Cardiologia"
"Semiologia em cardiologia pediátrica","","Cardiologia Pediátrica"
"Semiologia reumatológica","","Reumatologia"
"Sepse, dengue e infecções no pronto socorro","","Medicina de Urgência"
"Sequência Rápida de Intubação em Pediatria","","Emergência Pediátrica"
"Sexo nas diferentes idades","","Sexologia;Urossexualidade Hormonal;Clínica Médica Ginecológica"
"Sexologia Forense","","Perícias Médicas"
"Sexualidade","","Geriatria e Gerontologia"
"Simulação convencional, intermediária e avançada","","Radioterapia"
"Síndrome aspirativa – disfagia e doença do refluxo gastroesofágico","","Pneumologia Pediátrica"
"Síndrome da criança maltratada","","Perícias Médicas"
"Síndrome dolorosa miofascial","","Reumatologia"
"Síndrome fibromiálgica","","Reumatologia"
"Síndromes coronarianas","","Medicina de emergência"
"Síndromes pulmonares eosinofílicas","","Pneumologia e Tisiologia"
"Sistema digestivo: esvaziamento gástrico, digestão, absorção, influência no sistema imune","","Nutrologia Esportiva"
"Sistemas de informação na estratégia de saúde da família","","Medicina de Fam. e Comunidade"
"Suporte avançado de cardiologia","","Medicina de emergência"
"Suporte Avançado de Vida em Pediatria","","Emergência Pediátrica"
"Suporte Básico de Vida em Pediatria","","Emergência Pediátrica"
"Tabagismo e cessação de tabagismo","","Pneumologia e Tisiologia"
"Tanatologia Forense","","Perícias Médicas"
"TDAH, Transtorno do espectro do autista, Transtorno específico da aprendizagem, Deficiência intelectual, Psicose infantil","","Psiquiatria Infantil"
"Técnica cirúrgica e cirurgia refrativa","","Oftalmologia"
"Técnicas de DNA recombinante","","Genética Médica"
"Técnicas de mucosectomia para neoplasias do trato digestivo","","Endoscopia"
"Técnicas de polipectomias","","Endoscopia"
"Técnicas de posicionamento em radioterapia","","Radioterapia"
"Técnicas de reprodução assistida","","Medicina Reprodutiva"
"Técnicas em hemostasias","","Endoscopia"
"Técnicas moleculares para análise genômica","","Genética Médica"
"Tecnologias de equipamentos","","Radioterapia"
"Teoria da educação sexual","","Sexologia"
"Teoria da Pneumologia e Tisiologia","","Pneumologia e Tisiologia"
"Teoria geral da alergia e imunologia","","Alergia e Imunologia"
"Teoria geral da angiologia","","Angiologia"
"Teoria geral da clínica médica","","Clínica Médica"
"Teoria geral da clínica médica ginecológica","","Clínica Médica Ginecológica"
"Teoria Geral da Emergência Pediátrica","","Emergência Pediátrica"
"Teoria geral da endocrinologia e metabologia","","Endocrinologia e Metabologia"
"Teoria geral da endoscopia","","Endoscopia"
"Teoria geral da fisiatria","","Fisiatria"
"Teoria geral da gastroenterologia","","Gastroenterologia"
"Teoria geral da geriatria e gerontologia","","Geriatria e Gerontologia"
"Teoria geral da infectologia","","Infectologia"
"Teoria geral da medicina aeroespacial","","Medicina Aeroespacial"
"Teoria geral da medicina de emergência","","Medicina de emergência"
"Teoria geral da medicina de família e comunidade","","Medicina de Fam. e Comunidade"
"Teoria geral da medicina de urgência","","Medicina de Urgência"
"Teoria geral da medicina esportiva","","Medicina Esportiva"
"Teoria geral da medicina estética","","Medicina Estética"
"Teoria geral da medicina intensiva","","Medicina Intensiva"
"Teoria geral da medicina legal","","Medicina Legal"
"Teoria geral da medicina pericial","","Medicina Pericial"
"Teoria geral da medicina reprodutiva","","Medicina Reprodutiva"
"Teoria geral da nefrologia","","Nefrologia"
"Teoria geral da neurofisiologia clínica","","Neurofisiologia Clínica"
"Teoria geral da neurologia","","Neurologia"
"Teoria geral da nutrologia","","Nutrologia"
"Teoria geral da Nutrologia Pediátrica","","Nutrologia Pediátrica"
"Teoria geral da ortopedia e traumatologia","","Ortopedia e Traumatologia"
"Teoria geral da otorrinolaringologia","","Otorrinolaringologia"
"Teoria geral da pediatria em UTI","","UTI Pediátrica"
"Teoria geral da radiologia","","Radiologia"
"Teoria geral da radioterapia","","Radioterapia"
"Teoria geral da ressonância magnética","","Ressonância Magnética"
"Teoria geral da reumatologia","","Reumatologia"
"Teoria geral da Reumatologia Pediátrica","","Reumatologia Pediátrica"
"Teoria geral da sexologia","","Sexologia"
"Teoria geral da urossexualidade hormonal","","Urossexualidade Hormonal"
"Teoria geral da UTI pediátrica e neonatal","","UTI Pediátrica e Neonatal"
"Teoria geral das perícias médicas","","Perícias Judiciais Médicas"
"Terapêutica medicamentosa e não medicamentosa","","Fisiatria"
"Terapêutica tópica e sistêmica em dermatologia","","Dermatologia"
"Terapia de reposição hormonal","","Clínica Médica Ginecológica"
"Terapia Nutricional na sepse, grandes queimados, trauma, insuficiência hepática, renal e respiratória","","Medicina Intensiva"
"Terapia renal substitutiva (hemodiálise, diálise peritoneal e transplante renal, trauma renal)","","Nefrologia"
"Terapia transfusional","","Hematologia e Hemoterapia"
"Tocurgia e outros procedimentos","","Ginecologia e Obstetrícia"
"Tópicos especiais em hematologia","","Hematologia e Hemoterapia"
"Tópicos especiais: oncogênese, desenvolvimento e imunogenética","","Genética Médica"
"Tópicos teóricos relacionados a ACLS","","Medicina de Urgência"
"Tópicos teóricos relacionados a ATLS","","Medicina de Urgência"
"Tópicos teóricos relacionados a ITLS","","Medicina de Urgência"
"Tópicos teóricos relacionados a PHTLS","","Medicina de Urgência"
"Tosse crônica","","Pneumologia Pediátrica"
"Tosse crônica, asma e broncoscopia","","Pneumologia e Tisiologia"
"Toxicologia Forense","","Perícias Médicas"
"Toxicologia ocupacional","","Medicina do Trabalho "
"Toxina Botulínica","","Medicina Estética"
"Transplante de medula óssea","","Hematologia e Hemoterapia"
"Transplante hepático, renal, cardíaco, pulmonar e medula óssea","","Medicina Intensiva"
"Transporte aeromédico","","Medicina Aeroespacial"
"Transporte do paciente grave: intra e extra hospitalar","","Medicina Intensiva"
"Transporte veicular de crianças","","Medicina de Tráfego"
"Transtorno de ansiedade de separação","","Psiquiatria Infantil"
"Transtorno de estresse pós-traumático (TEPT)","","Psiquiatria Infantil"
"Transtorno do tique e Transtorno do controle dos impulsos","","Psiquiatria Infantil"
"Transtorno obsessivo compulsivo","","Psiquiatria Infantil"
"Transtornos alimentares e obesidade","","Psiquiatria"
"Transtornos Alimentares em esportistas/atletas: aplicação de instrumentos de medida e critérios diagnósticos","","Nutrologia Esportiva"
"Transtornos da sexualidade, disforia de gênero e transtornos parafílicos","","Psiquiatria"
"Transtornos de ansiedade","","Psiquiatria"
"Transtornos de conduta alimentar","","Nutrologia"
"Transtornos de humor, ansiedade e de conduta","","Psiquiatria Infantil"
"Transtornos de obesidade, anorexia e bulimia","","Psiquiatria Infantil"
"Transtornos de personalidade (TP)","","Psiquiatria Infantil"
"Transtornos de personalidade e transtorno obsessivo-compulsivo","","Psiquiatria"
"Transtornos dissociativo e de sintomas somáticos","","Psiquiatria"
"Transtornos do humor","","Psiquiatria"
"Transtornos do sono-vigília - transtornos disruptivos, do controle de impulsos e da conduta","","Psiquiatria"
"Transtornos mentais relacionados com a dependência química","","Psiquiatria"
"Transtornos neurocognitivos – demência: sintomas neuropsiquiátricos nas demências","","Psiquiatria"
"Transtornos opositivo-desafiador (TOD)","","Psiquiatria Infantil"
"Tratamento de água em hemodiálise","","Nefrologia"
"Tratamento farmacológico e ortopédico em reumatologia","","Reumatologia"
"Tratamentos cirúrgicos de obesidade","","Nutrologia"
"Trauma endócrino e metabólico","","Medicina Intensiva"
"Trauma gastrointestinal","","Medicina Intensiva"
"Trauma neurológico","","Medicina Intensiva"
"Trauma Pediátrico","","Emergência Pediátrica"
"Trauma renal","","Medicina Intensiva"
"Trauma respiratório","","Medicina Intensiva"
"Traumatologia Forense","","Perícias Médicas"
"Treinamento em Espirometria com Prova Broncodilatadora","","Pneumologia Pediátrica"
"Treinamento esportivo e metodologia, periodização e fundamentos para sua prescrição","","Nutrologia Esportiva"
"Tuberculose pulmonar","","Pneumologia Pediátrica"
"Tubulopatias","","Nefrologia"
"Tumores epiteliais benignos e malignos, afecções pré-malignas","","Dermatologia"
"Tumores ósseos","","Ortopedia e Traumatologia"
"Tumores sólidos e hematológicos","","Cancerologia"
"Ultrassonografia em ginecologia e obstetrícia","","Radiologia"
"Urgência e emergência","","Medicina Esportiva"
"Urgência, emergência e UTI Pediátrica e cirurgia infantil","","Pediatria"
"Urgência, emergência, UTI pediátrica e cirurgia infantil: cardiologia e pneumologia","","Pediatria"
"Urgência, emergência, UTI pediátrica e cirurgia infantil: choque séptico","","Pediatria"
"Urgência, emergência, UTI pediátrica e cirurgia infantil: traumatismos","","Pediatria"
"Urgências e emergências cardiovasculares","","Medicina de Urgência"
"Urgências e emergências em endocrinologia","","Medicina de Urgência"
"Urgências e emergências em nefrologia e intoxicações exógenas","","Medicina de Urgência"
"Urgências e emergências em neurologia e psiquiatria","","Medicina de Urgência"
"Urgências e emergências em oncologia","","Medicina de Urgência"
"Urgências e emergências ginecológicas e obstétricas","","Medicina de Urgência"
"Urgências e emergências respiratórias","","Medicina de Urgência"
"Urgências em gastrenterologia","","Medicina de Urgência"
"Uroginecologia","","Ginecologia e Obstetrícia;Clínica Médica Ginecológica"
"Urologia clínica","","Urossexualidade Hormonal"
"Urticária e angioedema","","Alergia e Imunologia"
"Vacinação de rotina e Antibioticoterapia","","Infectologia"
"Valvulopatias - Cardiologia clínica: valvulopatias, hipertensão arterial, insuficiência cardíaca, miocardiopatia e doenças infecciosas cardiológicas","","Cardiologia Clínica"
"Vasculites cutâneas, dermatite atópica e dermatite de contato","","Alergia e Imunologia"
"Vasculites, reabilitação pulmonar e fisiologia do exercício","","Pneumologia e Tisiologia"
"Ventilação mecânica e monitorização hemodinâmica","","Pneumologia e Tisiologia"
"Ventilação mecânica na sala de emergência","","Medicina de Urgência"
"Vigilância e controle da tuberculose, da hanseníase, da AIDS e das demais DST’s","","Medicina de Fam. e Comunidade"
"Vigilância em saúde e trabalho","","Medicina do Trabalho "
"Vigilância epidemiológica na estratégia de saúde da família","","Medicina de Fam. e Comunidade"
