name;image;especialidade_ids
Bioestatística;;Medicina do Trabalho 
Controle de saúde dos trabalhadores da saúde;;Medicina do Trabalho 
Direito nacional e internacional em saúde e trabalho;;Medicina do Trabalho 
Epidemiologia;;Medicina do Trabalho 
Ética médica em saúde e trabalho;;Medicina do Trabalho 
Gestão em saúde, segurança e meio ambiente;;Medicina do Trabalho 
Patologia do trabalho: acidente e doenças do trabalho;;Medicina do Trabalho 
Perícias em saúde e trabalho;;Medicina do Trabalho 
Políticas públicas em saúde e trabalho;;Medicina do Trabalho 
Promoção da saúde no trabalho;;Medicina do Trabalho 
Reabilitação e retorno ao trabalho;;Medicina do Trabalho 
Saúde ambiental, poluição ambiental e saneamento do meio;;Medicina do Trabalho 
Vigilância em saúde e trabalho;;Medicina do Trabalho 
Assistência à Saúde e Qualidade de Vida do Trabalhador;;Medicina do Trabalho 
Bioestatística e ética médica em saúde e trabalho;;Medicina do Trabalho 
Didática de ensino superior;;Medicina do Trabalho 
Doenças profissionais;;Medicina do Trabalho 
Ergonomia;;Medicina do Trabalho 
Gestão em segurança e saúde do trabalhador;;Medicina do Trabalho 
Higiene do trabalho;;Medicina do Trabalho 
Introdução;;Medicina do Trabalho 
Legislação previdenciária;;Medicina do Trabalho 
Metodologia da pesquisa científica;;Medicina do Trabalho 
Organização de serviços de saúde do trabalhador;;Medicina do Trabalho 
Perícias em medicina do trabalho;;Medicina do Trabalho 
Processos de trabalho e controle de riscos;;Medicina do Trabalho 
Saneamento ambiental;;Medicina do Trabalho 
Saúde, trabalho, gênero;;Medicina do Trabalho 
Segurança no trabalho;;Medicina do Trabalho 
Toxicologia ocupacional;;Medicina do Trabalho 
Estágio supervisionado em medicina do trabalho – 24 meses;;Medicina do Trabalho 
Anatomia, Histologia e fisiologia cardiovascular;;Cardiologia
Bioética e bioestatística;;Cardiologia
Cardiologia cirúrgica;;Cardiologia
Cardiologia clínica: arritmias cardíacas e coronariopatias;;Cardiologia
Cardiologia clínica: valvulopatias, hipertensão arterial, insuficiência cardíaca, miocardiopatia e doenças infecciosas cardiológicas;;Cardiologia
Clínica médica cardiológica;;Cardiologia
Didática de ensino superior;;Cardiologia
Direito médico;;Cardiologia
Ética médica;;Cardiologia
Farmacologia em cardiologia;;Cardiologia
Intervenções em cardiologia;;Cardiologia
Metodologia da pesquisa científica;;Cardiologia
Métodos diagnósticos: eletrocardiograma;;Cardiologia
Métodos diagnósticos: exames complementares;;Cardiologia
Reabilitação cardiovascular;;Cardiologia
Ressuscitação cardiorrespiratória e emergência cardiológica;;Cardiologia
Semiologia em cardiologia;;Cardiologia
Estágio supervisionado em cardiologia (Prática Profissional Desenvolvida no Ambiente de Trabalho - PPDAT);;Cardiologia
Bioética e bioestatística;;Clínica Médica
Biossegurança;;Clínica Médica
Cardiologia;;Clínica Médica
Dermatologia;;Clínica Médica
Didática de ensino superior;;Clínica Médica
Direito médico;;Clínica Médica
Emergências médicas e terapia intensiva;;Clínica Médica
Endocrinologia;;Clínica Médica
Ética médica;;Clínica Médica
Gastroenterologia;;Clínica Médica
Geriatria;;Clínica Médica
Hematologia;;Clínica Médica
Infectologia;;Clínica Médica
Metodologia da pesquisa científica;;Clínica Médica
Nefrologia e urologia;;Clínica Médica
Neurologia;;Clínica Médica
Oftalmologia, Hepatologia e Acromegalia;;Clínica Médica
Otorrinolaringologia;;Clínica Médica
Pneumologia;;Clínica Médica
Psiquiatria;;Clínica Médica
Reumatologia;;Clínica Médica
Teoria geral da clínica médica;;Clínica Médica
Estágio supervisionado em clínica médica (Prática Profissional Desenvolvida no Ambiente de Trabalho – PPDAT);;Clínica Médica
Anatomia e fisiologia do tegumento, imunopatologia cutânea;;Dermatologia
Bioestatística;;Dermatologia
Bioética;;Dermatologia
Biossegurança;;Dermatologia
Colagenoses;;Dermatologia
Dermatite atópica e dermatite de contato;;Dermatologia
Dermatopatologia;;Dermatologia
Dermatoviroses e dermatozoonozes;;Dermatologia
Didática de ensino superior;;Dermatologia
Direito médico e ética médica;;Dermatologia
Erupções por drogas e erupções vésico-bolhosa;;Dermatologia
Farmacologia aplicada à dermatologia;;Dermatologia
Fotoproteção e fotoenvelhecimento;;Dermatologia
Hanseníase, sífilis e DSTs;;Dermatologia
Leishmaniose tegumentar americana;;Dermatologia
Manifestações cutâneas das doenças sistêmicas;;Dermatologia
Metodologia da pesquisa científica;;Dermatologia
Micoses profundas e superficiais;;Dermatologia
Noções de cosmiatria;;Dermatologia
Noções de dermatoscopia;;Dermatologia
Piodermites e micobacterioses atípicas;;Dermatologia
Terapêutica tópica e sistêmica em dermatologia;;Dermatologia
Tumores epiteliais benignos e malignos, afecções pré-malignas;;Dermatologia
Estágio supervisionado em dermatologia (Prática Profissional Desenvolvida no Ambiente de Trabalho – PPDAT);;Dermatologia
Bioestatística;;Endocrinologia e Metabologia
Bioética;;Endocrinologia e Metabologia
Biossegurança;;Endocrinologia e Metabologia
Clínica médica endócrina;;Endocrinologia e Metabologia
Diabetes mellitus;;Endocrinologia e Metabologia
Didática de ensino superior;;Endocrinologia e Metabologia
Direito médico;;Endocrinologia e Metabologia
Disfunções hipofisárias;;Endocrinologia e Metabologia
Disfunções renais;;Endocrinologia e Metabologia
Disfunções tireoidianas;;Endocrinologia e Metabologia
Dislipidemias, obesidade e síndrome metabólica;;Endocrinologia e Metabologia
Distúrbios do metabolismo do cálcio;;Endocrinologia e Metabologia
Distúrbios gonadais;;Endocrinologia e Metabologia
Doenças adrenais;;Endocrinologia e Metabologia
Doenças osteometabólicas;;Endocrinologia e Metabologia
Emergência em endocrinologia;;Endocrinologia e Metabologia
Endocrinologia pediátrica – Distúrbios do desenvolvimento sexual;;Endocrinologia e Metabologia
Ética médica;;Endocrinologia e Metabologia
Metodologia da pesquisa científica;;Endocrinologia e Metabologia
Métodos de diagnóstico em imagem;;Endocrinologia e Metabologia
Pâncreas Endócrino;;Endocrinologia e Metabologia
Paratireoide;;Endocrinologia e Metabologia
Teoria geral da endocrinologia e metabologia;;Endocrinologia e Metabologia
Estágio supervisionado (Prática Profissional Desenvolvida no Ambiente de Trabalho - PPDAT);;Endocrinologia e Metabologia
Avaliação geriátrica ampla;;Geriatria e Gerontologia
Bioética, bioestatística e biossegurança;;Geriatria e Gerontologia
Conceitos em geriatria e gerontologia;;Geriatria e Gerontologia
Cuidados paliativos;;Geriatria e Gerontologia
Didática de ensino superior;;Geriatria e Gerontologia
Direito da ancianidade;;Geriatria e Gerontologia
Direito médico;;Geriatria e Gerontologia
Endocrinologia;;Geriatria e Gerontologia
Envelhecimento genito-urinário e nefrológico;;Geriatria e Gerontologia
Envelhecimento osteoarticular e dos tecidos;;Geriatria e Gerontologia
Epidemiologia do envelhecimento;;Geriatria e Gerontologia
Ética médica;;Geriatria e Gerontologia
Farmacologia geriátrica;;Geriatria e Gerontologia
Gastroenterologia geriátrica;;Geriatria e Gerontologia
Geriatria cardiorrespiratória;;Geriatria e Gerontologia
Geriatria preventiva;;Geriatria e Gerontologia
Imunossenescência;;Geriatria e Gerontologia
Metodologia da pesquisa científica;;Geriatria e Gerontologia
Neurogeriatria;;Geriatria e Gerontologia
Nutrição geriátrica;;Geriatria e Gerontologia
Oncologia;;Geriatria e Gerontologia
Sexualidade;;Geriatria e Gerontologia
Teoria geral da geriatria e gerontologia;;Geriatria e Gerontologia
Estágio supervisionado (Prática Profissional Desenvolvida no Ambiente de Trabalho - PPDAT);;Geriatria e Gerontologia
Álcool e direção veicular;;Medicina de Tráfego
Bioestatística;;Medicina de Tráfego
Bioética;;Medicina de Tráfego
Biossegurança;;Medicina de Tráfego
Comportamento do condutor;;Medicina de Tráfego
Didática de ensino superior;;Medicina de Tráfego
Direito médico;;Medicina de Tráfego
Distúrbios do sono e direção veicular;;Medicina de Tráfego
Epidemiologia;;Medicina de Tráfego
Ética médica;;Medicina de Tráfego
Grupos de risco em acidentes de trânsito;;Medicina de Tráfego
Medicamentos, drogas e direção veicular;;Medicina de Tráfego
Medicina de tráfego;;Medicina de Tráfego
Medicina de tráfego aeroespacial;;Medicina de Tráfego
Medicina de tráfego aquático, ferroviário e rodoviário;;Medicina de Tráfego
Medicina de tráfego curativa;;Medicina de Tráfego
Medicina de tráfego e meio ambiente;;Medicina de Tráfego
Medicina de tráfego legal;;Medicina de Tráfego
Medicina de tráfego ocupacional;;Medicina de Tráfego
Medicina de tráfego preventiva;;Medicina de Tráfego
Medicina de tráfego securitária;;Medicina de Tráfego
Medicina do viajante;;Medicina de Tráfego
Medidas e equipamentos de segurança ativa e passiva;;Medicina de Tráfego
Metodologia da pesquisa científica;;Medicina de Tráfego
O estado de saúde dos motoristas;;Medicina de Tráfego
Perícia médica;;Medicina de Tráfego
Transporte veicular de crianças;;Medicina de Tráfego
Atividade física para grupos especiais;;Medicina Esportiva
Bases para análise fisiológica do exercício e nutrição esportiva;;Medicina Esportiva
Bases teóricas de treinamento esportivo e fisioterapia;;Medicina Esportiva
Bioestatística;;Medicina Esportiva
Bioética;;Medicina Esportiva
Biomecânica;;Medicina Esportiva
Biossegurança;;Medicina Esportiva
Cardiologia avançada;;Medicina Esportiva
Cardiologia básica;;Medicina Esportiva
Diagnóstico por imagem;;Medicina Esportiva
Didática de ensino superior;;Medicina Esportiva
Direito desportivo;;Medicina Esportiva
Direito médico;;Medicina Esportiva
Ética médica;;Medicina Esportiva
Fisiologia do exercício;;Medicina Esportiva
Medicina do esporte;;Medicina Esportiva
Metodologia da pesquisa científica;;Medicina Esportiva
Nutrologia esportiva;;Medicina Esportiva
Órteses e próteses;;Medicina Esportiva
Ortopedia e traumatologia desportiva;;Medicina Esportiva
Patologia clínica e monitoração bioquímica;;Medicina Esportiva
Teoria geral da medicina esportiva;;Medicina Esportiva
Urgência e emergência;;Medicina Esportiva
Bioestatística;;Neurologia
Bioética;;Neurologia
Biossegurança;;Neurologia
Didática de ensino superior;;Neurologia
Direito médico;;Neurologia
Distúrbios hidroeletrolíticos;;Neurologia
Distúrbios psiquiátricos;;Neurologia
Doenças cardiovasculares;;Neurologia
Doenças do sistema nervoso;;Neurologia
Doenças endocrinológicas;;Neurologia
Doenças imunológicas;;Neurologia
Doenças infecciosas;;Neurologia
Doenças parasitárias;;Neurologia
Dor;;Neurologia
Ética médica;;Neurologia
Fisiopatologias das doenças neurológicas;;Neurologia
Metodologia da pesquisa científica;;Neurologia
Neuropediatria;;Neurologia
Teoria geral da neurologia;;Neurologia
Estágio supervisionado em neurologia (Prática Profissional Desenvolvida no Ambiente de Trabalho - PPDAT);;Neurologia
Urgência, emergência e UTI Pediátrica e cirurgia infantil;;Pediatria
Alergia e imunologia pediátrica;;Pediatria
Bioestatística, biossegurança e bioética;;Pediatria
Cardiologia pediátrica;;Pediatria
Clínica médica pediátrica: dermatologia pediátrica e alergias de contato;;Pediatria
Clínica médica pediátrica: endocrinologia pediátrica;;Pediatria
Clínica médica pediátrica: gastroenterologia pediátrica;;Pediatria
Clínica médica pediátrica: hematologia pediátrica e oncologia pediátrica;;Pediatria
Clínica médica pediátrica: hepatologia pediátrica e endoscopia pediátrica;;Pediatria
Clínica médica pediátrica: reumatologia pediátrica;;Pediatria
Didática de ensino superior;;Pediatria
Direito médico e ética médica;;Pediatria
Doenças infecciosas prevalentes, doenças exantemáticas e imunocompetência;;Pediatria
Epidemiologia do ciclo vital;;Pediatria
Metodologia da pesquisa científica;;Pediatria
Nefrologia pediátrica e urologia pediátrica;;Pediatria
Neonatologia;;Pediatria
Neurologia pediátrica e psiquiatria pediátrica;;Pediatria
Nutrologia pediátrica e alergias alimentares;;Pediatria
Oftalmologia pediátrica;;Pediatria
Pneumologia pediátrica e alergias pulmonares;;Pediatria
Urgência, emergência, UTI pediátrica e cirurgia infantil: cardiologia e pneumologia;;Pediatria
Urgência, emergência, UTI pediátrica e cirurgia infantil: choque séptico;;Pediatria
Urgência, emergência, UTI pediátrica e cirurgia infantil: traumatismos;;Pediatria
Estágio supervisionado (Prática Profissional Desenvolvida no Ambiente de Trabalho - PPDAT);;Pediatria
Bioestatística;;Psiquiatria
Bioética;;Psiquiatria
Didática de ensino superior;;Psiquiatria
Direito médico e ética médica;;Psiquiatria
Emergência, internação, suicídio e tentativa de suicídio, ética e pesquisa em psiquiatria;;Psiquiatria
Esquizofrenia, transtorno esquizoafetivo e outros transtornos psicóticos;;Psiquiatria
Estudo de casos clínicos;;Psiquiatria
Metodologia da pesquisa científica;;Psiquiatria
Psicofarmacologia e interações medicamentosas em psiquiatria;;Psiquiatria
Psicogeriatria;;Psiquiatria
Psicopatologia;;Psiquiatria
Psicoterapia, Terapias biológicas e Estresse Pós-Traumático;;Psiquiatria
Psiquiatria da infância e adolescência;;Psiquiatria
Psiquiatria forense e pericial;;Psiquiatria
Transtornos alimentares e obesidade;;Psiquiatria
Transtornos da sexualidade, disforia de gênero e transtornos parafílicos;;Psiquiatria
Transtornos de ansiedade;;Psiquiatria
Transtornos de personalidade e transtorno obsessivo-compulsivo;;Psiquiatria
Transtornos dissociativo e de sintomas somáticos;;Psiquiatria
Transtornos do humor;;Psiquiatria
Transtornos do sono-vigília - transtornos disruptivos, do controle de impulsos e da conduta;;Psiquiatria
Transtornos mentais relacionados com a dependência química;;Psiquiatria
Transtornos neurocognitivos – demência: sintomas neuropsiquiátricos nas demências;;Psiquiatria
Aerobiologia dos alérgicos;;Alergia e Imunologia Pediátrica
Alergia a alimentos e reações adversas;;Alergia e Imunologia Pediátrica
Alergia ao látex;;Alergia e Imunologia Pediátrica
Anafilaxia;;Alergia e Imunologia Pediátrica
Asma;;Alergia e Imunologia Pediátrica
Aspergilose broncopulmonar alérgica;;Alergia e Imunologia Pediátrica
Bioética e bioestatística;;Alergia e Imunologia Pediátrica
Biossegurança;;Alergia e Imunologia Pediátrica
Conhecimentos básicos de imunologia pediátrica;;Alergia e Imunologia Pediátrica
Dermatite atópica na infância;;Alergia e Imunologia Pediátrica
Dermatite de contato na infância;;Alergia e Imunologia Pediátrica
Diagnóstico clínico e laboratoriais das doenças alérgicas;;Alergia e Imunologia Pediátrica
Didática de ensino superior;;Alergia e Imunologia Pediátrica
Direito médico;;Alergia e Imunologia Pediátrica
Ética médica;;Alergia e Imunologia Pediátrica
Farmacodermias e reação às drogas;;Alergia e Imunologia Pediátrica
Imunizações e reações adversas a vacinas infantis;;Alergia e Imunologia Pediátrica
Imunodeficiências primárias;;Alergia e Imunologia Pediátrica
Lactente sibilante;;Alergia e Imunologia Pediátrica
Metodologia da pesquisa científica;;Alergia e Imunologia Pediátrica
Rinite alérgica;;Alergia e Imunologia Pediátrica
Anatomia e fisiologia vascular;;Angiologia
Bioestatística;;Angiologia
Bioética;;Angiologia
Biossegurança;;Angiologia
Clínica angiológica;;Angiologia
Didática de ensino superior;;Angiologia
Direito médico;;Angiologia
Doenças vasculares periféricas;;Angiologia
Ética médica;;Angiologia
Farmacologia vascular;;Angiologia
Metodologia da pesquisa científica;;Angiologia
Métodos cirúrgicos;;Angiologia
Pré e pós-operatório e hemodinâmico;;Angiologia
Procedimentos não-invasivos e reabilitação pós-amputação;;Angiologia
Propedêutica angiológica;;Angiologia
Radiologia e exames complementares;;Angiologia
Reabilitação em angiologia;;Angiologia
Teoria geral da angiologia;;Angiologia
Estágio supervisionado (Prática Profissional Desenvolvida no Ambiente de Trabalho - PPDAT);;Angiologia
Bioestatística;;Cancerologia
Bioética;;Cancerologia
Biossegurança;;Cancerologia
Câncer na pediatria;;Cancerologia
Cirurgia oncológica;;Cancerologia
Cuidados paliativos e controle de sintomas;;Cancerologia
Diagnóstico e exames;;Cancerologia
Didática de ensino superior;;Cancerologia
Direito médico;;Cancerologia
Ética médica;;Cancerologia
Farmacologia;;Cancerologia
Gerenciamento oncológico;;Cancerologia
Introdução à cancerologia;;Cancerologia
Metodologia da pesquisa científica;;Cancerologia
Modalidades de tratamento;;Cancerologia
Patologias oncológicas;;Cancerologia
Tumores sólidos e hematológicos;;Cancerologia
Estágio supervisionado em cancerologia (Prática Profissional Desenvolvida no Ambiente de Trabalho - PPDAT);;Cancerologia
Arritmia para o clínico - Cardiologia clínica: arritmias cardíacas e coronariopatias;;Cardiologia Clínica
Bioética e bioestatística;;Cardiologia Clínica
Congênitas e cardiopediatria - Clínica médica cardiológica;;Cardiologia Clínica
DAC crônica (tratamento clínico, percutâneo e cirúrgico) - Cardiologia cirúrgica;;Cardiologia Clínica
Didática de ensino superior;;Cardiologia Clínica
Direito médico;;Cardiologia Clínica
Discussão de casos clínicos - Semiologia em cardiologia;;Cardiologia Clínica
ECG - Métodos diagnósticos: eletrocardiograma;;Cardiologia Clínica
Emergência e PCR - Ressuscitação cardiorrespiratória e emergência cardiológica;;Cardiologia Clínica
Ética médica;;Cardiologia Clínica
Exame físico;;Cardiologia Clínica
IC e Miocardiopatia - Cardiologia clínica: valvulopatias, hipertensão arterial, insuficiência cardíaca, miocardiopatia e doenças infecciosas cardiológicas;;Cardiologia Clínica
Medicina do Esporte/reabilitação/TE;;Cardiologia Clínica
Metodologia da pesquisa científica;;Cardiologia Clínica
Métodos não invasivos - Métodos diagnósticos: exames complementares;;Cardiologia Clínica
Prevenção CV (HAS/DM/Disl) - Farmacologia em cardiologia;;Cardiologia Clínica
Valvulopatias - Cardiologia clínica: valvulopatias, hipertensão arterial, insuficiência cardíaca, miocardiopatia e doenças infecciosas cardiológicas;;Cardiologia Clínica
Anatomia, histologia e fisiologia cardiológica;;Cardiologia Pediátrica
Bioética, bioestatística e biossegurança;;Cardiologia Pediátrica
Cardiologia cirúrgica pediátrica;;Cardiologia Pediátrica
Cardiologia clínica pediátrica;;Cardiologia Pediátrica
Cardiopatias congênitas na pediatria  ;;Cardiologia Pediátrica
Clínica médica cardiológica pediátrica;;Cardiologia Pediátrica
Didática de ensino superior;;Cardiologia Pediátrica
Direito médico;;Cardiologia Pediátrica
Ética médica;;Cardiologia Pediátrica
Farmacologia cardiológica pediátrica  ;;Cardiologia Pediátrica
Intercorrências clínicas cardiológicas pediátricas;;Cardiologia Pediátrica
Metodologia da pesquisa científica;;Cardiologia Pediátrica
Métodos diagnósticos na cardiologia pediátrica;;Cardiologia Pediátrica
Reanimação cardiorrespiratória na criança e emergências pediátricas  ;;Cardiologia Pediátrica
Semiologia em cardiologia pediátrica;;Cardiologia Pediátrica
Bioestatística;;Dermatologia Pediátrica
Bioética;;Dermatologia Pediátrica
Biossegurança;;Dermatologia Pediátrica
Dermatite atópica e de contato;;Dermatologia Pediátrica
Dermatite da área das fraldas e Urticária;;Dermatologia Pediátrica
Didática de ensino superior;;Dermatologia Pediátrica
Direito médico;;Dermatologia Pediátrica
Ética médica;;Dermatologia Pediátrica
Farmacodermia;;Dermatologia Pediátrica
Fotoproteção e vitamina D;;Dermatologia Pediátrica
Infecções bacterianas, virais e fúngicas;;Dermatologia Pediátrica
Infecções de pele e medicações na dermatologia;;Dermatologia Pediátrica
Manifestações cutâneas das imunodeficiências primárias;;Dermatologia Pediátrica
Medicações tópicas e sistêmicas;;Dermatologia Pediátrica
Metodologia da pesquisa científica;;Dermatologia Pediátrica
Nevos, tumores de pele e doenças sistêmicas;;Dermatologia Pediátrica
Pele e dermatoses do recém-nascido;;Dermatologia Pediátrica
Anafilaxia?;;Emergência Pediátrica
Características Anatômicas e Fisiológicas do Sistema Respiratório na Criança;;Emergência Pediátrica
Cetoacidose Diabética;;Emergência Pediátrica
Didática de ensino superior;;Emergência Pediátrica
Direito médico;;Emergência Pediátrica
Distúrbio do Ritmo Cardíaco;;Emergência Pediátrica
Estado de mal epiléptico;;Emergência Pediátrica
Ética médica e bioética;;Emergência Pediátrica
Fisiopatologia do Choque em Pediatria;;Emergência Pediátrica
Intoxicação?;;Emergência Pediátrica
Manejo da Insuficiência Respiratória;;Emergência Pediátrica
Metodologia da pesquisa científica;;Emergência Pediátrica
Parada cardiorrespiratória (PCR);;Emergência Pediátrica
Reconhecimento e Tratamento do Choque;;Emergência Pediátrica
Sequência Rápida de Intubação em Pediatria;;Emergência Pediátrica
Suporte Avançado de Vida em Pediatria;;Emergência Pediátrica
Suporte Básico de Vida em Pediatria;;Emergência Pediátrica
Teoria Geral da Emergência Pediátrica;;Emergência Pediátrica
Trauma Pediátrico;;Emergência Pediátrica
Distúrbios do desenvolvimento sexual;;Endocrinologia Pediátrica
Bioestatística;;Endocrinologia Pediátrica
Bioética;;Endocrinologia Pediátrica
Biossegurança;;Endocrinologia Pediátrica
Clínica médica endócrina pediátrica;;Endocrinologia Pediátrica
Desenvolvimento embrionário do sistema endócrino;;Endocrinologia Pediátrica
Diabetes mellitus;;Endocrinologia Pediátrica
Didática de ensino superior;;Endocrinologia Pediátrica
Direito médico;;Endocrinologia Pediátrica
Disfunções hipofisárias na infância;;Endocrinologia Pediátrica
Disfunções renais na infância;;Endocrinologia Pediátrica
Dislipidemias, obesidade e síndrome metabólica ;;Endocrinologia Pediátrica
Distúrbios do metabolismo do cálcio;;Endocrinologia Pediátrica
Distúrbios gonadais na infância;;Endocrinologia Pediátrica
Doenças adrenais na infância;;Endocrinologia Pediátrica
Doenças osteometabólicas na infância;;Endocrinologia Pediátrica
Emergência em endocrinologia pediátrica;;Endocrinologia Pediátrica
Ética médica;;Endocrinologia Pediátrica
Introdução à Endocrinologia pediátrica e Fisiologia Hormonal na infância;;Endocrinologia Pediátrica
Metodologia da pesquisa científica;;Endocrinologia Pediátrica
Métodos de diagnóstico em imagem;;Endocrinologia Pediátrica
Paratireoide;;Endocrinologia Pediátrica
Abordagem aos corpos estranhos no aparelho digestivo/respiratório;;Endoscopia
Bioestatística;;Endoscopia
Bioética;;Endoscopia
Biossegurança;;Endoscopia
Cirurgia gastroenterológica;;Endoscopia
Coloproctologia;;Endoscopia
Didática de ensino superior;;Endoscopia
Dilatações de extensões benignas e malignas do aparelho digestivo;;Endoscopia
Direito médico;;Endoscopia
Ecoendoscopia (ultra-sonografia endoscópica) diagnostica e terapêutica;;Endoscopia
Endoscopia digestiva alta diagnóstica de neoplasias do aparelho digestivo;;Endoscopia
Endoscopia digestiva alta terapêutica;;Endoscopia
Endoscopia digestiva diagnóstica (colangiopancreatografia endoscópica retrógrada) das vias biliares e pancreáticas;;Endoscopia
Ética médica;;Endoscopia
Gastroenterologia;;Endoscopia
Gastrostomias e jejunostomias por técnica de tração ou tipo introdutos;;Endoscopia
Inserção de stents no trato intestinal e no trato respiratório;;Endoscopia
Legislações vigentes da anvisa e CFM para a prática da endoscopia digestiva;;Endoscopia
Metodologia da pesquisa científica;;Endoscopia
Princípios farmacológicos em Endoscopia;;Endoscopia
Técnicas de mucosectomia para neoplasias do trato digestivo;;Endoscopia
Técnicas de polipectomias;;Endoscopia
Técnicas em hemostasias;;Endoscopia
Teoria geral da endoscopia;;Endoscopia
Estágio supervisionado em endoscopia (Prática Profissional Desenvolvida no Ambiente de Trabalho - PPDAT);;Endoscopia
Administração em reabilitação;;Fisiatria
Anatomia e fisiologia;;Fisiatria
Aparelhos e equipamentos em fisiatria;;Fisiatria
Bioestatística;;Fisiatria
Bioética;;Fisiatria
Biomecânicas e cinesiologia;;Fisiatria
Biossegurança;;Fisiatria
Didática de ensino superior;;Fisiatria
Direito médico;;Fisiatria
Epidemiologia;;Fisiatria
Ética médica;;Fisiatria
Metodologia da pesquisa científica;;Fisiatria
Patologia;;Fisiatria
Reabilitação global do paciente;;Fisiatria
Semiologia;;Fisiatria
Teoria geral da fisiatria;;Fisiatria
Terapêutica medicamentosa e não medicamentosa;;Fisiatria
Bioética/ Biossegurança/ Bioestatística;;Gastroenterologia
Clínica médica em gastroenterologia;;Gastroenterologia
Didática de ensino superior / Metodologia da pesquisa científica;;Gastroenterologia
Direito médico/ Ética médica;;Gastroenterologia
Discussão de casos em gastroenterologia I;;Gastroenterologia
Discussão de casos em gastroenterologia II;;Gastroenterologia
Divertículos do esôfago, estômago e intestino delgado;;Gastroenterologia
Doenças do esofago;;Gastroenterologia
Doenças do pâncreas;;Gastroenterologia
Doenças dos Intestinos;;Gastroenterologia
Doenças dos Intestinos II;;Gastroenterologia
Doenças gastroenterológicas e vasculares do TGI;;Gastroenterologia
Emergencias em gastroenterologia;;Gastroenterologia
Hepatologia I;;Gastroenterologia
Hepatologia II;;Gastroenterologia
Hérnias e volvos ,Corpo estranho e bezoar;;Gastroenterologia
Manifestações do TGI na SIDA;;Gastroenterologia
Manifestações GI de doenças sistêmicas;;Gastroenterologia
Manifestações orais e cutâneas das doenças GI;;Gastroenterologia
Métodos diagnósticos em gastroenterologia;;Gastroenterologia
Oncologia do trato digestivo;;Gastroenterologia
Seminario de orientação de TCC;;Gastroenterologia
Teoria geral da gastroenterologia;;Gastroenterologia
Estágio supervisionado em gastroenterologia (Prática Profissional Desenvolvida no Ambiente de Trabalho - PPDAT);;Gastroenterologia
Bioestatística;;Genética Médica
Bioética;;Genética Médica
Biossegurança;;Genética Médica
Citogenética e alterações cromossômicas;;Genética Médica
Compactação, complexidade e organização do genoma;;Genética Médica
Didática de ensino superior;;Genética Médica
Direito médico;;Genética Médica
Ética médica;;Genética Médica
Fluxo da informação genética: código genético e tradução;;Genética Médica
Genética de populações;;Genética Médica
Genética e bases cromossômicas da herança;;Genética Médica
Genética quantitativa;;Genética Médica
Herança mendeliana;;Genética Médica
Identificação do material genético: DNA, estrutura e replicação;;Genética Médica
Interação gênica;;Genética Médica
Ligação e mapeamento;;Genética Médica
Mecanismos de alteração genética: mutação e reparo de DNA;;Genética Médica
Mecanismos de alteração genética: recombinação e transposição;;Genética Médica
Metodologia da pesquisa científica;;Genética Médica
Regulação da expressão gênica: eucariotos;;Genética Médica
Regulação da expressão gênica: procariotos;;Genética Médica
Técnicas de DNA recombinante;;Genética Médica
Técnicas moleculares para análise genômica;;Genética Médica
Tópicos especiais: oncogênese, desenvolvimento e imunogenética;;Genética Médica
Estágio supervisionado em genética médica (Prática profissional desenvolvida em ambiente de trabalho – PPDAT);;Genética Médica
Anemias;;Hematologia e Hemoterapia
Aspectos técnicos do banco de sangue;;Hematologia e Hemoterapia
Bioestatística;;Hematologia e Hemoterapia
Bioética;;Hematologia e Hemoterapia
Biossegurança;;Hematologia e Hemoterapia
Didática de ensino superior;;Hematologia e Hemoterapia
Direito médico;;Hematologia e Hemoterapia
Distúrbios de coagulação;;Hematologia e Hemoterapia
Ética médica;;Hematologia e Hemoterapia
Imunologia aplicada à hematologia;;Hematologia e Hemoterapia
Interpretação do exame de sangue;;Hematologia e Hemoterapia
Introdução à hematologia;;Hematologia e Hemoterapia
Leucemias;;Hematologia e Hemoterapia
Linfomas, mielomas e aplasias;;Hematologia e Hemoterapia
Metodologia da pesquisa científica;;Hematologia e Hemoterapia
Terapia transfusional;;Hematologia e Hemoterapia
Tópicos especiais em hematologia;;Hematologia e Hemoterapia
Transplante de medula óssea;;Hematologia e Hemoterapia
Estágio supervisionado em dermatologia (Prática Profissional Desenvolvida no Ambiente de Trabalho – PPDAT);;Hematologia e Hemoterapia
Bioestatística;;Infectologia
Bioética;;Infectologia
Biossegurança;;Infectologia
COVID 19 em Pediatria;;Infectologia
Didática de ensino superior;;Infectologia
Direito médico;;Infectologia
Doenças Infecciosas Cardiológicas;;Infectologia
Doenças sexualmente transmissíveis (DST), Hepatites Virais e Antivirais;;Infectologia
Ética médica;;Infectologia
Infecção hospitalar e resíduos sólidos de serviços de Saúde, Profilaxias nas intervenções cirúrgicas, Vacinação aos profissionais de Saúde;;Infectologia
Infecções congênitas (Toxoplasmose, rubéola, citomegalovírus, varicela, parvovirus b19, sífilis, herpes e hepatite B);;Infectologia
Infecções de sistema nervoso central, infecções de partes moles, infecções de trato urinário, infecções ósseas e articulares;;Infectologia
Metodologia da pesquisa científica;;Infectologia
Métodos diagnósticos;;Infectologia
Micoses Endêmicas e oportunistas, Prevenção das zoonoses;;Infectologia
Patologias infeccionas: mononucleose infecciosa, leptospirose, raiva, febre amarela, tétano, doença de chagas, dengue e leishmaniose, Malária, Hanseníase, Tuberculose;;Infectologia
Teoria geral da infectologia;;Infectologia
Vacinação de rotina e Antibioticoterapia;;Infectologia
Estágio supervisionado em Infectologia (Prática Profissional Desenvolvida em Ambiente de Trabalho – PPDAT);;Infectologia
Álcool e pilotagem de aeronaves;;Medicina Aeroespacial
Bioética e bioestatística;;Medicina Aeroespacial
Biossegurança;;Medicina Aeroespacial
Didática de ensino superior;;Medicina Aeroespacial
Direito aeroespacial;;Medicina Aeroespacial
Direito do trabalho aeroespacial;;Medicina Aeroespacial
Direito médico e ética médica  ;;Medicina Aeroespacial
Distúrbios do sono e pilotagem de aeronaves;;Medicina Aeroespacial
Equipamentos e sistemas de segurança;;Medicina Aeroespacial
Fisiopatologia aeroespacial;;Medicina Aeroespacial
Grupos de risco em acidentes aeroespaciais;;Medicina Aeroespacial
Investigação e prevenção do acidente aeroespacial;;Medicina Aeroespacial
Medicamentos, drogas e pilotagem de aeronaves;;Medicina Aeroespacial
Medicina aeroespacial curativa;;Medicina Aeroespacial
Medicina aeroespacial preventiva;;Medicina Aeroespacial
Medicina aeroespacial securitária;;Medicina Aeroespacial
Medicina de aviação;;Medicina Aeroespacial
Medicina de tráfego ocupacional;;Medicina Aeroespacial
Medicina do trabalho;;Medicina Aeroespacial
Medicina do viajante;;Medicina Aeroespacial
Metodologia da pesquisa científica;;Medicina Aeroespacial
Perícia médica aeroespacial;;Medicina Aeroespacial
Problemas no aeroporto;;Medicina Aeroespacial
Teoria geral da medicina aeroespacial;;Medicina Aeroespacial
Transporte aeromédico;;Medicina Aeroespacial
Atendimento inicial ao politraumatizado;;Medicina de emergência
AVC/atendimento inicial a terapêutica;;Medicina de emergência
Bioética, bioestatística e biossegurança;;Medicina de emergência
Cefaleias no departamento de emergência;;Medicina de emergência
Crises convulsivas;;Medicina de emergência
Didática de ensino superior;;Medicina de emergência
Direito médico e ética médica;;Medicina de emergência
Dor torácica no departamento de emergência;;Medicina de emergência
Metodologia da pesquisa científica;;Medicina de emergência
Síndromes coronarianas;;Medicina de emergência
Suporte avançado de cardiologia;;Medicina de emergência
Teoria geral da medicina de emergência;;Medicina de emergência
Antropologia e saúde indígena;;Medicina de Fam. e Comunidade
Atenção primária à saúde: histórico, conceito e processo de trabalho;;Medicina de Fam. e Comunidade
Bioestatística;;Medicina de Fam. e Comunidade
Bioética;;Medicina de Fam. e Comunidade
Biossegurança;;Medicina de Fam. e Comunidade
Didática de ensino superior;;Medicina de Fam. e Comunidade
Direito médico;;Medicina de Fam. e Comunidade
Estratégia de Saúde da família;;Medicina de Fam. e Comunidade
Ética médica;;Medicina de Fam. e Comunidade
Gestão estratégica em saúde coletiva;;Medicina de Fam. e Comunidade
Metodologia da pesquisa científica;;Medicina de Fam. e Comunidade
Modelos e práticas assistenciais;;Medicina de Fam. e Comunidade
Planejamento aplicado a sistemas e serviços de saúde;;Medicina de Fam. e Comunidade
Política nacional da atenção básica e a estratégia de saúde da família;;Medicina de Fam. e Comunidade
Políticas de atenção à saúde ambiental, à saúde da mulher, à saúde da criança e do adolescente, à saúde do adulto e do idoso, à saúde bucal, à saúde mental e à saúde integral;;Medicina de Fam. e Comunidade
Políticas públicas em saúde e controle social no SUS;;Medicina de Fam. e Comunidade
Programas de combate a endemias e a estratégia de saúde da família;;Medicina de Fam. e Comunidade
Sistemas de informação na estratégia de saúde da família;;Medicina de Fam. e Comunidade
Teoria geral da medicina de família e comunidade;;Medicina de Fam. e Comunidade
Vigilância e controle da tuberculose, da hanseníase, da AIDS e das demais DST’s;;Medicina de Fam. e Comunidade
Vigilância epidemiológica na estratégia de saúde da família;;Medicina de Fam. e Comunidade
Acesso à via aérea na sala de emergência;;Medicina de Urgência
Atendimento ao paciente vítima de trauma;;Medicina de Urgência
Bioestatística;;Medicina de Urgência
Bioética;;Medicina de Urgência
Biossegurança;;Medicina de Urgência
Didática de ensino superior;;Medicina de Urgência
Direito médico;;Medicina de Urgência
Ética médica;;Medicina de Urgência
Gestão no pronto socorro;;Medicina de Urgência
Imagem no pronto-socorro;;Medicina de Urgência
Metodologia da pesquisa científica;;Medicina de Urgência
Reanimação cardiopulmonar e cerebral;;Medicina de Urgência
Sepse, dengue e infecções no pronto socorro;;Medicina de Urgência
Teoria geral da medicina de urgência;;Medicina de Urgência
Tópicos teóricos relacionados a ACLS;;Medicina de Urgência
Tópicos teóricos relacionados a ATLS;;Medicina de Urgência
Tópicos teóricos relacionados a ITLS;;Medicina de Urgência
Tópicos teóricos relacionados a PHTLS;;Medicina de Urgência
Urgências e emergências cardiovasculares;;Medicina de Urgência
Urgências e emergências em endocrinologia;;Medicina de Urgência
Urgências e emergências em nefrologia e intoxicações exógenas;;Medicina de Urgência
Urgências e emergências em neurologia e psiquiatria;;Medicina de Urgência
Urgências e emergências em oncologia;;Medicina de Urgência
Urgências e emergências ginecológicas e obstétricas;;Medicina de Urgência
Urgências e emergências respiratórias;;Medicina de Urgência
Urgências em gastrenterologia;;Medicina de Urgência
Ventilação mecânica na sala de emergência;;Medicina de Urgência
Anatomia, histologia e cito-histopatologia da pele;;Medicina Estética
Angiologia em medicina estética;;Medicina Estética
Atividade física e nutrição;;Medicina Estética
Avaliação corporal e fisiologia do exercício;;Medicina Estética
Bioética e bioestatística;;Medicina Estética
Biossegurança;;Medicina Estética
Clínica dermatológica em medicina estética;;Medicina Estética
Cosmetologia e cosmiatria;;Medicina Estética
Desarmonia corporal e alterações com ênfase no segmento corporal;;Medicina Estética
Didática de ensino superior;;Medicina Estética
Direito médico;;Medicina Estética
Eletromedicina;;Medicina Estética
Envelhecimento cutâneo e alterações com ênfase no segmento facial;;Medicina Estética
Ética médica;;Medicina Estética
Implantes faciais;;Medicina Estética
Instalação de uma clínica de estética;;Medicina Estética
Metodologia da pesquisa científica;;Medicina Estética
Métodos locais estimulantes do metabolismo;;Medicina Estética
Peelings;;Medicina Estética
Reabilitação pós-operatória em cirurgia plástica;;Medicina Estética
Teoria geral da medicina estética;;Medicina Estética
Toxina Botulínica;;Medicina Estética
Aspectos éticos e bioéticos em medicina intensiva;;Medicina Intensiva
Bioética, Bioestatística e Biossegurança;;Medicina Intensiva
Coagulação;;Medicina Intensiva
Didática de ensino superior;;Medicina Intensiva
Direito médico e Ética Médica;;Medicina Intensiva
Iatrogenia em terapia intensiva;;Medicina Intensiva
Imunonutrição, nutrição enteral e parenteral;;Medicina Intensiva
Infecção e Sepse;;Medicina Intensiva
Interações medicamentosas;;Medicina Intensiva
Intoxicações exógenas e acidentes por animais peçonhentos, agentes físicos e químicos;;Medicina Intensiva
Metodologia da pesquisa científica;;Medicina Intensiva
Pré e pós-operatório;;Medicina Intensiva
Procedimentos invasivos de diagnóstico e tratamento;;Medicina Intensiva
Sedação e analgesia em UTI;;Medicina Intensiva
Teoria geral da medicina intensiva;;Medicina Intensiva
Terapia Nutricional na sepse, grandes queimados, trauma, insuficiência hepática, renal e respiratória;;Medicina Intensiva
Transplante hepático, renal, cardíaco, pulmonar e medula óssea;;Medicina Intensiva
Transporte do paciente grave: intra e extra hospitalar;;Medicina Intensiva
Trauma endócrino e metabólico;;Medicina Intensiva
Trauma gastrointestinal;;Medicina Intensiva
Trauma neurológico;;Medicina Intensiva
Trauma renal;;Medicina Intensiva
Trauma respiratório;;Medicina Intensiva
Bases da medicina legal;;Medicina Legal
Bioestatística;;Medicina Legal
Bioética;;Medicina Legal
Didática de ensino superior;;Medicina Legal
Direito médico;;Medicina Legal
Elaboração de laudos;;Medicina Legal
Estudo médico legal das morbidades mais frequentes na perícia;;Medicina Legal
Ética médica;;Medicina Legal
Metodologia da pesquisa científica;;Medicina Legal
Perícias criminais;;Medicina Legal
Perícias extrajudiciais;;Medicina Legal
Perícias judiciais não criminais;;Medicina Legal
Perícias médicas;;Medicina Legal
Práticas em perícias médicas;;Medicina Legal
Teoria geral da medicina legal;;Medicina Legal
Estágio supervisionado em medicina legal (Prática Profissional Desenvolvida no Ambiente de Trabalho – PPDAT);;Medicina Legal
Aspectos metodológicos de elaboração de um laudo pericial;;Medicina Pericial
Aspectos metodológicos de elaboração de um parecer técnico;;Medicina Pericial
Auditoria em sistemas de saúde;;Medicina Pericial
Bioestatística;;Medicina Pericial
Bioética;;Medicina Pericial
Didática de ensino superior;;Medicina Pericial
Doenças ocupacionais;;Medicina Pericial
Estipulação de honorários em medicina pericial;;Medicina Pericial
Metodologia da pesquisa científica;;Medicina Pericial
Perícia de tráfego;;Medicina Pericial
Perícias e direito administrativo;;Medicina Pericial
Perícias e direito civil;;Medicina Pericial
Perícias e direito do trabalho;;Medicina Pericial
Perícias e direito médico;;Medicina Pericial
Perícias e direito penal;;Medicina Pericial
Perícias e direito securitário;;Medicina Pericial
Perícias judiciais;;Medicina Pericial
Perícias médico-legais;;Medicina Pericial
Perícias psiquiátricas;;Medicina Pericial
Responsabilidade civil, penal e administrativa do perito judicial e do assistente técnico;;Medicina Pericial
Semiologia e perícia médica;;Medicina Pericial
Teoria geral da medicina pericial;;Medicina Pericial
Estágio supervisionado em medicina pericial (Prática Profissional Desenvolvida no Ambiente de Trabalho – PPDAT);;Medicina Pericial
Anatomia e endocrinologia reprodutiva;;Medicina Reprodutiva
Bioestatística;;Medicina Reprodutiva
Bioética;;Medicina Reprodutiva
Biossegurança;;Medicina Reprodutiva
Diagnóstico dos fatores de infertilidade;;Medicina Reprodutiva
Didática de ensino superior;;Medicina Reprodutiva
Direito médico;;Medicina Reprodutiva
Embriologia e o laboratório de reprodução humana;;Medicina Reprodutiva
Epidemiologia;;Medicina Reprodutiva
Ética médica;;Medicina Reprodutiva
Fator masculino;;Medicina Reprodutiva
Indução da ovulação;;Medicina Reprodutiva
Metodologia da pesquisa científica;;Medicina Reprodutiva
Papel da endoscopia ginecológica na infertilidade;;Medicina Reprodutiva
Preservação de fertilidade;;Medicina Reprodutiva
Técnicas de reprodução assistida;;Medicina Reprodutiva
Teoria geral da medicina reprodutiva;;Medicina Reprodutiva
Estágio supervisionado em medicina reprodutiva (Prática Profissional Desenvolvida no Ambiente do Trabalho – PPDAT);;Medicina Reprodutiva
Anatomia e fisiologia renal;;Nefrologia
Bioética, Bioestatística e Biossegurança;;Nefrologia
Didática de ensino superior;;Nefrologia
Direito médico e ética médica;;Nefrologia
Distúrbios do metabolismo mineral e ósseo na doença renal crônica;;Nefrologia
Doença renal crônica;;Nefrologia
Doenças renais policísticas;;Nefrologia
Exames subsidiários em nefrologia;;Nefrologia
Farmacologia em nefrologia;;Nefrologia
Glomerulopatias primárias;;Nefrologia
Hipertensão arterial sistêmica;;Nefrologia
Infecção do trato urinário;;Nefrologia
Lesão renal aguda;;Nefrologia
Metodologia da pesquisa científica;;Nefrologia
Nefrites intersticiais;;Nefrologia
Nefrologia e urologia pediátrica;;Nefrologia
Patologia renal;;Nefrologia
Rim e doenças sistêmicas;;Nefrologia
Rim e gestação;;Nefrologia
Rim e vasculites;;Nefrologia
Teoria geral da nefrologia;;Nefrologia
Terapia renal substitutiva (hemodiálise, diálise peritoneal e transplante renal, trauma renal);;Nefrologia
Tratamento de água em hemodiálise;;Nefrologia
Tubulopatias;;Nefrologia
Estágio supervisionado em nefrologia (Prática Profissional Desenvolvida no Ambiente de Trabalho - PPDAT);;Nefrologia
Assistência multidisciplinar neonatal e pré-natal;;Neonatologia
Atendimento na UTI: assistência multidisciplinar materno neonatal e emergências e afecções cirúrgicas;;Neonatologia
Avaliação funcional do neonato;;Neonatologia
Bioestatística;;Neonatologia
Bioética;;Neonatologia
Biossegurança;;Neonatologia
Causas de risco para gestante e feto: aspectos fisiológicos, fisiopatológicos e erros inatos do metabolismo;;Neonatologia
Didática de ensino superior;;Neonatologia
Direito médico;;Neonatologia
Direito sanitário;;Neonatologia
Doenças infecciosas do neonato e Afecções gastrointestinais do neonato;;Neonatologia
Ética médica;;Neonatologia
Fisiologia do neonato;;Neonatologia
Fisiopatologia do neonato;;Neonatologia
Malformações e Intervenções cirúrgicas cardiovasculares;;Neonatologia
Metodologia da pesquisa científica;;Neonatologia
Neonato e temas especiais em neonatologia;;Neonatologia
Nutrição e neonato;;Neonatologia
Políticas de saúde em atenção ao neonato;;Neonatologia
Prematuridade;;Neonatologia
Estágio supervisionado em neonatologia (Prática Profissional Desenvolvida no Ambiente de Trabalho - PPDAT);;Neonatologia
Bioética, Bioestatística e Biossegurança;;Neurofisiologia Clínica
Didática de ensino superior;;Neurofisiologia Clínica
Direito médico;;Neurofisiologia Clínica
Eletroencefalografia;;Neurofisiologia Clínica
Eletroneuromiografia;;Neurofisiologia Clínica
Ética Médica  ;;Neurofisiologia Clínica
Instrumentação;;Neurofisiologia Clínica
Metodologia da pesquisa científica;;Neurofisiologia Clínica
Monitoração neurofisiológica intraoperatória e em UTI;;Neurofisiologia Clínica
Neuroanatomia;;Neurofisiologia Clínica
Neurofisiologia básica;;Neurofisiologia Clínica
Neurologia clínica;;Neurofisiologia Clínica
Polissonografia;;Neurofisiologia Clínica
Potenciais evocados;;Neurofisiologia Clínica
Princípios de Estimulação Não-Invasiva do Sistema Nervoso;;Neurofisiologia Clínica
Teoria geral da neurofisiologia clínica;;Neurofisiologia Clínica
Estágio supervisionado em neurofisiologia clínica (Prática Profissional Desenvolvida no Ambiente de Trabalho – PPDAT);;Neurofisiologia Clínica
Alimentos funcionais;;Nutrologia
Antioxidantes e radicais livres;;Nutrologia
Avaliação nutrológica e composição corporal;;Nutrologia
Bioestatística;;Nutrologia
Bioética;;Nutrologia
Bioquímica aplicada aos alimentos;;Nutrologia
Biossegurança;;Nutrologia
Conceitos em nutrologia;;Nutrologia
Didática de ensino superior;;Nutrologia
Dietoterapia e dietética;;Nutrologia
Direito médico;;Nutrologia
Ética médica;;Nutrologia
Metodologia da pesquisa científica;;Nutrologia
Neurolinguística na mudança do comportamento alimentar;;Nutrologia
Nutrologia clínica: doenças carenciais, síndrome metabólica e obesidade;;Nutrologia
Nutrologia esportiva;;Nutrologia
Nutrologia intensiva (enteral e parental);;Nutrologia
Nutrologia pediátrica;;Nutrologia
Teoria geral da nutrologia;;Nutrologia
Transtornos de conduta alimentar;;Nutrologia
Tratamentos cirúrgicos de obesidade;;Nutrologia
Estágio supervisionado em Nutrologia (Prática Profissional Desenvolvida no Ambiente de Trabalho – PPDAT);;Nutrologia
Aleitamento materno;;Nutrologia Pediátrica
Alergia alimentar;;Nutrologia Pediátrica
Alimentação complementar;;Nutrologia Pediátrica
Alimentação do pré-escolar, escolar e adolescente;;Nutrologia Pediátrica
Avaliação nutricional;;Nutrologia Pediátrica
Bioestatística;;Nutrologia Pediátrica
Bioética;;Nutrologia Pediátrica
Biossegurança;;Nutrologia Pediátrica
Desnutrição ambulatorial/hospitalar;;Nutrologia Pediátrica
Didática de ensino superior;;Nutrologia Pediátrica
Dificuldades alimentares;;Nutrologia Pediátrica
Direito médico;;Nutrologia Pediátrica
Dislipidemia;;Nutrologia Pediátrica
Ética médica;;Nutrologia Pediátrica
Fome oculta: Deficiência de micronutrientes: ferro, zinco, cálcio, selênio, cobre, vitaminas A, D,E,K, C e complexo B;;Nutrologia Pediátrica
Fórmulas infantis;;Nutrologia Pediátrica
Intolerância a lactose;;Nutrologia Pediátrica
Metodologia da pesquisa científica;;Nutrologia Pediátrica
Nutrição para o Neuropata;;Nutrologia Pediátrica
Nutrição para o Prematuro;;Nutrologia Pediátrica
Obesidade;;Nutrologia Pediátrica
Teoria geral da Nutrologia Pediátrica;;Nutrologia Pediátrica
Bioética, bioestatística e biossegurança;;Oftalmologia Pediátrica
Contatologia e visão subnormal;;Oftalmologia Pediátrica
Córnea e cirurgia para transplantes;;Oftalmologia Pediátrica
Didática de ensino superior;;Oftalmologia Pediátrica
Direito médico e ética médica;;Oftalmologia Pediátrica
Distúrbios sistêmicos com acometimento oftalmológico;;Oftalmologia Pediátrica
Doenças extraoculares;;Oftalmologia Pediátrica
Embriologia, anatomia, histologia e bioquímica ocular;;Oftalmologia Pediátrica
Epidemiologia em oftalmologia pediátrica;;Oftalmologia Pediátrica
Exames oftalmológicos pediátricos;;Oftalmologia Pediátrica
Farmacologia, microbiologia e imunologia oftalmológica pediátrica;;Oftalmologia Pediátrica
Genética, citologia e fisiologia ocular na infância;;Oftalmologia Pediátrica
Glaucoma, cristalino, catarata, esclera e úvea;;Oftalmologia Pediátrica
Metodologia da pesquisa científica;;Oftalmologia Pediátrica
Neuro-oftalmologia;;Oftalmologia Pediátrica
Oftalmologia pediátrica e estrabismo;;Oftalmologia Pediátrica
Oncologia ocular pediátrica;;Oftalmologia Pediátrica
Óptica física e fisiológica;;Oftalmologia Pediátrica
Pálpebra e vias lacrimais;;Oftalmologia Pediátrica
Propedêutica e avaliação retiniana da criança;;Oftalmologia Pediátrica
Refração, retinoscopia e distúrbios da conjuntiva;;Oftalmologia Pediátrica
Retina, vítreo, mácula e tumores;;Oftalmologia Pediátrica
Bioestatística;;Ortopedia e Traumatologia
Bioética;;Ortopedia e Traumatologia
Biossegurança;;Ortopedia e Traumatologia
Didática de ensino superior;;Ortopedia e Traumatologia
Direito médico;;Ortopedia e Traumatologia
Ética médica;;Ortopedia e Traumatologia
Imaginologia em Traumato-Ortopedia;;Ortopedia e Traumatologia
Introdução ao direito desportivo;;Ortopedia e Traumatologia
Medicina esportiva e reabilitação;;Ortopedia e Traumatologia
Metodologia da pesquisa científica;;Ortopedia e Traumatologia
Noções gerais de ortopedia;;Ortopedia e Traumatologia
Patologias da coluna;;Ortopedia e Traumatologia
Patologias dos membros inferiores;;Ortopedia e Traumatologia
Patologias dos membros superiores;;Ortopedia e Traumatologia
Patologias ortopédicas pediátricas;;Ortopedia e Traumatologia
Princípios de amputações;;Ortopedia e Traumatologia
Prótese e órteses;;Ortopedia e Traumatologia
Reumatologia;;Ortopedia e Traumatologia
Teoria geral da ortopedia e traumatologia;;Ortopedia e Traumatologia
Tumores ósseos;;Ortopedia e Traumatologia
Estágio supervisionado em ortopedia e traumatologia (Prática Profissional Desenvolvida no Ambiente de Trabalho – PPDAT);;Ortopedia e Traumatologia
Atividades ambulatoriais;;Otorrinolaringologia
Atividades cirúrgicas;;Otorrinolaringologia
Bioestatística;;Otorrinolaringologia
Bioética;;Otorrinolaringologia
Biossegurança;;Otorrinolaringologia
Bucofaringoestomatologia;;Otorrinolaringologia
Cirurgia de cabeça e pescoço;;Otorrinolaringologia
Clínica médica otorrinolaringológica;;Otorrinolaringologia
Didática de ensino superior;;Otorrinolaringologia
Direito médico;;Otorrinolaringologia
Ética médica;;Otorrinolaringologia
Laringe e voz;;Otorrinolaringologia
Medicina do sono;;Otorrinolaringologia
Metodologia da pesquisa científica;;Otorrinolaringologia
Otologia;;Otorrinolaringologia
Otoneurologia;;Otorrinolaringologia
Otorrinolaringologia ocupacional;;Otorrinolaringologia
Rinologia;;Otorrinolaringologia
Teoria geral da otorrinolaringologia;;Otorrinolaringologia
Aspectos metodológicos de elaboração de um laudo pericial;;Perícias Judiciais Médicas
Aspectos metodológicos de elaboração de um parecer técnico;;Perícias Judiciais Médicas
Auditoria em sistemas de saúde;;Perícias Judiciais Médicas
Bioestatística;;Perícias Judiciais Médicas
Bioética;;Perícias Judiciais Médicas
Didática de ensino superior;;Perícias Judiciais Médicas
Doenças ocupacionais;;Perícias Judiciais Médicas
Estipulação de honorários em perícias médicas;;Perícias Judiciais Médicas
Metodologia da pesquisa científica;;Perícias Judiciais Médicas
Perícia de tráfego;;Perícias Judiciais Médicas
Perícias e direito administrativo;;Perícias Judiciais Médicas
Perícias e direito civil;;Perícias Judiciais Médicas
Perícias e direito do trabalho;;Perícias Judiciais Médicas
Perícias e direito médico;;Perícias Judiciais Médicas
Perícias e direito penal;;Perícias Judiciais Médicas
Perícias e direito securitário;;Perícias Judiciais Médicas
Responsabilidade civil, penal e administrativa do perito judicial e do assistente técnico;;Perícias Judiciais Médicas
Semiologia e perícia médica;;Perícias Judiciais Médicas
Teoria geral das perícias médicas;;Perícias Judiciais Médicas
Antropologia Forense;;Perícias Médicas
Bioestatística;;Perícias Médicas
Bioética;;Perícias Médicas
Criminologia;;Perícias Médicas
Didática de ensino superior;;Perícias Médicas
Direito Médico;;Perícias Médicas
Estudo médico-legal do abortamento e do infanticídio;;Perícias Médicas
Ética em Perícia;;Perícias Médicas
Genética Forense;;Perícias Médicas
História da Medicina Pericial;;Perícias Médicas
Infortunística médico-legal;;Perícias Médicas
Laboratório médico-legal;;Perícias Médicas
Medicina Legal e Perícias Médicas;;Perícias Médicas
Metodologia da pesquisa científica;;Perícias Médicas
Perícia administrativa e saúde ocupacional;;Perícias Médicas
Perícia Previdenciária;;Perícias Médicas
Perícias em vítimas de acidentes de consumo;;Perícias Médicas
Perícias Trabalhistas;;Perícias Médicas
Psicopatologia Forense;;Perícias Médicas
Responsabilidade civil e penal e Perícias cíveis;;Perícias Médicas
Sexologia Forense;;Perícias Médicas
Síndrome da criança maltratada;;Perícias Médicas
Tanatologia Forense;;Perícias Médicas
Toxicologia Forense;;Perícias Médicas
Traumatologia Forense;;Perícias Médicas
Asma brônquica;;Pneumologia Pediátrica
Bioética, bioestatística e biossegurança;;Pneumologia Pediátrica
Bronquiolite aguda viral;;Pneumologia Pediátrica
Bronquiolite obliterante;;Pneumologia Pediátrica
Direito médico;;Pneumologia Pediátrica
Ética médica;;Pneumologia Pediátrica
Bronquite Persistente Bacteriana;;Pneumologia Pediátrica
Cuidados intensivos em pneumologia pediátrica;;Pneumologia Pediátrica
Derrame Pleural Simples e Complicado;;Pneumologia Pediátrica
Desenvolvimento do sistema respiratório;;Pneumologia Pediátrica
Didática de ensino superior;;Pneumologia Pediátrica
Direito médico e ética médica;;Pneumologia Pediátrica
Displasia broncopulmonar;;Pneumologia Pediátrica
Doenças Pulmonares Intersticiais e Autoimunes;;Pneumologia Pediátrica
Emergências pediátricas;;Pneumologia Pediátrica
Lactente sibilante (Síndrome do bebê chiador);;Pneumologia Pediátrica
Malformações do sistema respiratório;;Pneumologia Pediátrica
Metodologia da pesquisa científica;;Pneumologia Pediátrica
Métodos de imagem em pneumologia pediátrica;;Pneumologia Pediátrica
Obstrução das vias aéreas superiores;;Pneumologia Pediátrica
Oncologia pediátrica;;Pneumologia Pediátrica
Pneumonia da Fibrose cística;;Pneumologia Pediátrica
Pneumonias Adquiridas na Comunidade e Hospitalares - Outras Complicações de Pneumonias: Necrose, Abscesso, Pneumatoceles;;Pneumologia Pediátrica
Provas de função pulmonar;;Pneumologia Pediátrica
Rinossinusites Agudas e Crônicas Alérgicas e Não Alérgicas;;Pneumologia Pediátrica
Síndrome aspirativa – disfagia e doença do refluxo gastroesofágico;;Pneumologia Pediátrica
Tosse crônica;;Pneumologia Pediátrica
Treinamento em Espirometria com Prova Broncodilatadora;;Pneumologia Pediátrica
Tuberculose pulmonar;;Pneumologia Pediátrica
Estágio supervisionado em Pneumologia Pediátrica (PRÁTICA PROFISSIONAL DESENVOLVIDA NO AMBIENTE DE TRABALHO - PPDAT);;Pneumologia Pediátrica
"Aspectos legais: tutela e curatela; adoção e laudos judiciais";;Psiquiatria Infantil
Bioética, bioestatística e biossegurança;;Psiquiatria Infantil
Didática de ensino superior;;Psiquiatria Infantil
Direito médico e ética médica;;Psiquiatria Infantil
Esquizofrenia - Depressão infantil - Transtornos somatoformes;;Psiquiatria Infantil
Estruturação e dinâmica de família no contexto atual;;Psiquiatria Infantil
Identidade de gênero;;Psiquiatria Infantil
Metodologia da pesquisa científica;;Psiquiatria Infantil
Modelos de diagnóstico na Psiquiatria Infantil - normal e patológico;;Psiquiatria Infantil
Mutismo seletivo (MS) – Abuso físico e sexual - Enurese e encoprese;;Psiquiatria Infantil
Neurologia pediátrica;;Psiquiatria Infantil
Noções do desenvolvimento normal/ Psicopatologia do desenvolvimento;;Psiquiatria Infantil
Psicofarmacogenética - Exames complementares - Neurofisiologia;;Psiquiatria Infantil
Psicofarmacologia e interações medicamentosas em psiquiatria infantil;;Psiquiatria Infantil
TDAH, Transtorno do espectro do autista, Transtorno específico da aprendizagem, Deficiência intelectual, Psicose infantil;;Psiquiatria Infantil
Transtorno de ansiedade de separação;;Psiquiatria Infantil
Transtorno de estresse pós-traumático (TEPT);;Psiquiatria Infantil
Transtorno do tique e Transtorno do controle dos impulsos;;Psiquiatria Infantil
Transtorno obsessivo compulsivo;;Psiquiatria Infantil
Transtornos de humor, ansiedade e de conduta;;Psiquiatria Infantil
Transtornos de obesidade, anorexia e bulimia;;Psiquiatria Infantil
Transtornos de personalidade (TP);;Psiquiatria Infantil
Transtornos opositivo-desafiador (TOD);;Psiquiatria Infantil
Bioestatística;;Radiologia
Bioética;;Radiologia
Biossegurança;;Radiologia
Clínica médica em radiologia;;Radiologia
Densitometria óssea;;Radiologia
Diagnóstico por Imagem com atuação exclusiva em ultrassonografia geral;;Radiologia
Didática de ensino superior;;Radiologia
Direito médico;;Radiologia
Ecografia vascular com doppler;;Radiologia
Ética médica;;Radiologia
Mamografia;;Radiologia
Metodologia da pesquisa científica;;Radiologia
Neurorradiologia diagnóstica;;Radiologia
Neurorradiologia terapêutica;;Radiologia
Radiologia e diagnóstico por imagem;;Radiologia
Radiologia intervencionista e angiorradiologia;;Radiologia
Teoria geral da radiologia;;Radiologia
Ultrassonografia em ginecologia e obstetrícia;;Radiologia
Estágio supervisionado em radiologia (Prática Profissional Desenvolvida no Ambiente de Trabalho – PPDAT);;Radiologia
Acessórios básicos e especiais e imobilizadores em radioterapia;;Radioterapia
Anatomia e fisiologia humana aplicada;;Radioterapia
Anatomia estrutural e seccional- planos e cortes;;Radioterapia
Bioestatística;;Radioterapia
Bioética;;Radioterapia
Biossegurança;;Radioterapia
Didática de ensino superior;;Radioterapia
Direito médico;;Radioterapia
Dosimetria clínica;;Radioterapia
Ética médica;;Radioterapia
Física e radioproteção em radioterapia;;Radioterapia
Metodologia da pesquisa científica;;Radioterapia
Patologias benignas e oncologia clínica básica;;Radioterapia
Procedimentos radiológicos em radioterapia;;Radioterapia
Radiobiologia aplicada a radioterapia;;Radioterapia
Simulação convencional, intermediária e avançada;;Radioterapia
Técnicas de posicionamento em radioterapia;;Radioterapia
Tecnologias de equipamentos;;Radioterapia
Teoria geral da radioterapia;;Radioterapia
Estágio supervisionado em radioterapia (Prática Profissional Desenvolvida no Ambiente de Trabalho – PPDAT);;Radioterapia
Anatomia morfológica;;Ressonância Magnética
Anatomia por ressonância magnética;;Ressonância Magnética
Bioestatística;;Ressonância Magnética
Bioética;;Ressonância Magnética
Biofísica e radiobiologia;;Ressonância Magnética
Biossegurança;;Ressonância Magnética
Biossegurança em ressonância magnética;;Ressonância Magnética
Didática de ensino superior;;Ressonância Magnética
Direito médico;;Ressonância Magnética
Ética médica;;Ressonância Magnética
Farmacologia dos meios de contraste;;Ressonância Magnética
Instrumentação em ressonância magnética;;Ressonância Magnética
Manipulação de imagem;;Ressonância Magnética
Metodologia da pesquisa científica;;Ressonância Magnética
Patologias benignas e oncologia clínica básica;;Ressonância Magnética
Protocolos em ressonância magnética;;Ressonância Magnética
Ressonância magnética na clínica médica;;Ressonância Magnética
Ressonância magnética na neurologia;;Ressonância Magnética
Ressonância magnética na oncologia;;Ressonância Magnética
Ressonância magnética na ortopedia e traumatologia;;Ressonância Magnética
Teoria geral da ressonância magnética;;Ressonância Magnética
Estágio supervisionado em ressonância magnética (Prática Profissional Desenvolvida no Ambiente de Trabalho – PPDAT);;Ressonância Magnética
Artrite reumatoide juvenil;;Reumatologia Pediátrica
Artrites na infância;;Reumatologia Pediátrica
Bioestatística;;Reumatologia Pediátrica
Bioética;;Reumatologia Pediátrica
Biossegurança;;Reumatologia Pediátrica
Colagenoses;;Reumatologia Pediátrica
Didática de ensino superior;;Reumatologia Pediátrica
Direito médico;;Reumatologia Pediátrica
Doenças de Kawasaki;;Reumatologia Pediátrica
Dores crônicas em Pediatria;;Reumatologia Pediátrica
Ética médica;;Reumatologia Pediátrica
Febre reumática;;Reumatologia Pediátrica
Lúpus eritematoso sistêmico;;Reumatologia Pediátrica
Metodologia da pesquisa científica;;Reumatologia Pediátrica
Propedêutica em Reumatologia Pediátrica;;Reumatologia Pediátrica
Púrpura de Henoch-Schonlein;;Reumatologia Pediátrica
Teoria geral da Reumatologia Pediátrica;;Reumatologia Pediátrica
Aspectos éticos e legais em sexologia e aconselhamento sexual;;Sexologia
Bases anatômicas e fisiológicas da sexualidade humana;;Sexologia
Bioestatística;;Sexologia
Bioética;;Sexologia
Biossegurança;;Sexologia
Conceitos básicos e tipos de intercurso;;Sexologia
Didática de ensino superior;;Sexologia
Direito médico;;Sexologia
Disfunções sexuais;;Sexologia
Educação sexual;;Sexologia
Ética médica;;Sexologia
Exames relacionados à sexologia;;Sexologia
Fundamentos da terapia clínica e da sexologia clínica;;Sexologia
História da sexologia;;Sexologia
Metodologia da pesquisa científica;;Sexologia
Métodos contraceptivos;;Sexologia
Orientação sexual egodistônica;;Sexologia
Rede de assistência a sexologia no SUS;;Sexologia
Relações humanas e sexualidade;;Sexologia
Sexo nas diferentes idades;;Sexologia
Teoria da educação sexual;;Sexologia
Teoria geral da sexologia;;Sexologia
Anestesiopediatria em UTI (coma, morte encefálica, sedação e analgesia);;UTI Pediátrica
Antibióticoterapia na UTI (infecção hospitalar, infecção no imunodeprimido, diagnóstico de infecções no paciente gravemente enfermo e Intoxicações exógenas);;UTI Pediátrica
Bioestatística;;UTI Pediátrica
Bioética;;UTI Pediátrica
Biossegurança;;UTI Pediátrica
Cardiopediatria em UTI (arritmias, insuficiência cardíaca congestiva, parada cardiorrespiratória, pós-operatório de cirurgias cardíacas, transfusão sanguínea e uso de hemoderivados);;UTI Pediátrica
Cetoacidose diabéticas, distúrbios da coagulação, distúrbio ácido básico, distúrbio hidroeletrolítico;;UTI Pediátrica
Choques e traumas em UTI Pediátrica (choque, choque séptico, queimaduras e choque elétrico, politrauma e trauma crânio encefálico);;UTI Pediátrica
Didática de ensino superior;;UTI Pediátrica
Direito médico;;UTI Pediátrica
Eco na UTI Pediátrica, emergência hipertensiva, emergências oncológicas e transplante de medula óssea;;UTI Pediátrica
Estágio supervisionado em UTI Pediátrica (Prática Profissional Desenvolvida no Ambiente de Trabalho - PPDAT);;UTI Pediátrica
Ética médica;;UTI Pediátrica
Gastropediatria em UTI (pancreatites e hemorragia digestiva alta);;UTI Pediátrica
Metodologia da pesquisa científica;;UTI Pediátrica
Nefropediatria em UTI (lesão renal aguda, insuficiência hepática aguda, insuficiência adrenal e métodos dialíticos);;UTI Pediátrica
Neuropediatria em UTI (estado de mal epiléptico e outras recorrências);;UTI Pediátrica
Nutrição enteral e parental;;UTI Pediátrica
Pneumopediatria em UTI (afogamento, obstrução das vias aéreas superiores, abordagem da via aérea difícil, acesso venoso profundo, síndrome do desconforto respiratório agudo, ventilação mecânica em quadros obstrutivos, ventilação não invasiva, ventilação mecânica em quadros restritivos e intubação e sequência rápida);;UTI Pediátrica
Teoria geral da pediatria em UTI;;UTI Pediátrica
Anestesiopediatria em UTI (coma, morte encefálica, sedação e analgesia);;UTI Pediátrica e Neonatal
Antibióticoterapia na UTI (infecção hospitalar, infecção no imunodeprimido, diagnóstico de infecções no paciente gravemente enfermo e Intoxicações exógenas);;UTI Pediátrica e Neonatal
Apneia neonatal;;UTI Pediátrica e Neonatal
Bioestatística;;UTI Pediátrica e Neonatal
Bioética;;UTI Pediátrica e Neonatal
Biossegurança;;UTI Pediátrica e Neonatal
Cardiopediatria em UTI (arritmias, insuficiência cardíaca congestiva, parada cardiorrespiratória, pós-operatório de cirurgias cardíacas, transfusão sanguínea e uso de hemoderivados);;UTI Pediátrica e Neonatal
Cetoacidose diabéticas, distúrbios da coagulação, distúrbio ácido básico, distúrbio hidroeletrolítico;;UTI Pediátrica e Neonatal
Choques e traumas em UTI Pediátrica e Neonatal (choque, choque séptico, queimaduras e choque elétrico, politrauma e trauma crânio encefálico);;UTI Pediátrica e Neonatal
Didática de ensino superior;;UTI Pediátrica e Neonatal
Direito médico;;UTI Pediátrica e Neonatal
Eco na UTI pediátrica e neonatal, emergência hipertensiva, emergências oncológicas e transplante de medula óssea;;UTI Pediátrica e Neonatal
Emergências e afecções cirúrgicas no neonato;;UTI Pediátrica e Neonatal
Estudos de casos em UTI pediátrica e neonatal;;UTI Pediátrica e Neonatal
Ética médica;;UTI Pediátrica e Neonatal
Gastropediatria em UTI (pancreatites e hemorragia digestiva alta);;UTI Pediátrica e Neonatal
Malformações e intervenções cirúrgicas cardiovasculares;;UTI Pediátrica e Neonatal
Metodologia da pesquisa científica;;UTI Pediátrica e Neonatal
Nefropediatria em UTI (lesão renal aguda, insuficiência hepática aguda, insuficiência adrenal e métodos dialíticos);;UTI Pediátrica e Neonatal
Neonato;;UTI Pediátrica e Neonatal
Neuropediatria em UTI (estado de mal epiléptico e outras recorrências);;UTI Pediátrica e Neonatal
Nutrição enteral e parental;;UTI Pediátrica e Neonatal
Pneumopediatria em UTI (afogamento, obstrução das vias aéreas superiores, abordagem da via aérea difícil, acesso venoso profundo, síndrome do desconforto respiratório agudo, ventilação mecânica em quadros obstrutivos, ventilação não invasiva, ventilação mecânica em quadros restritivos e intubação e sequência rápida);;UTI Pediátrica e Neonatal
Políticas de saúde em atenção ao neonato;;UTI Pediátrica e Neonatal
Prematuridade;;UTI Pediátrica e Neonatal
Teoria geral da UTI pediátrica e neonatal;;UTI Pediátrica e Neonatal
Estágio supervisionado (Prática Profissional Desenvolvida no Ambiente de Trabalho - PPDAT);;UTI Pediátrica e Neonatal
Aerobiologia dos alérgicos;;Alergia e Imunologia
Alergia ao látex;;Alergia e Imunologia
Alergia e reação adversas a alimentos;;Alergia e Imunologia
Alergias ocupacionais;;Alergia e Imunologia
Anafilaxia;;Alergia e Imunologia
Asma, rinite alérgica e bebê chiador;;Alergia e Imunologia
Aspergilose broncopulmonar alérgica;;Alergia e Imunologia
Bioética e bioestatística;;Alergia e Imunologia
Biossegurança;;Alergia e Imunologia
Conhecimentos básicos de imunologia;;Alergia e Imunologia
Diagnóstico clínico e laboratoriais das doenças alérgicas;;Alergia e Imunologia
Didática de ensino superior;;Alergia e Imunologia
Direito médico;;Alergia e Imunologia
Ética médica;;Alergia e Imunologia
Farmacodermias e reação às drogas;;Alergia e Imunologia
HIV;;Alergia e Imunologia
Imunizações e reações adversas a vacinas;;Alergia e Imunologia
Imunodeficiências primárias;;Alergia e Imunologia
Metodologia da pesquisa científica;;Alergia e Imunologia
Preparação de extratos alérgicos;;Alergia e Imunologia
Teoria geral da alergia e imunologia;;Alergia e Imunologia
Urticária e angioedema;;Alergia e Imunologia
Vasculites cutâneas, dermatite atópica e dermatite de contato;;Alergia e Imunologia
Estágio supervisionado (Prática Profissional Desenvolvida no Ambiente de Trabalho - PPDAT);;Alergia e Imunologia
Anticoncepção;;Ginecologia e Obstetrícia
Bioética e Bioestatística;;Ginecologia e Obstetrícia
Biossegurança;;Ginecologia e Obstetrícia
Cirurgia ginecológica;;Ginecologia e Obstetrícia
Climatério;;Ginecologia e Obstetrícia
Clínica médica ginecológica e obstétrica;;Ginecologia e Obstetrícia
Didática de ensino superior;;Ginecologia e Obstetrícia
Direito médico e ética médica;;Ginecologia e Obstetrícia
Endocrinologia ginecológica;;Ginecologia e Obstetrícia
Ginecologia geral;;Ginecologia e Obstetrícia
Infecção genital;;Ginecologia e Obstetrícia
Intercorrências clínico-cirúrgicas em obstetrícia;;Ginecologia e Obstetrícia
Mastologia;;Ginecologia e Obstetrícia
Metodologia da pesquisa científica;;Ginecologia e Obstetrícia
Métodos ultrassonográficos em GO;;Ginecologia e Obstetrícia
Neoplasia genital;;Ginecologia e Obstetrícia
Noções básicas de ginecologia e obstetrícia;;Ginecologia e Obstetrícia
Obstetrícia normal: gestação, parto e puerpério;;Ginecologia e Obstetrícia
Patologias obstétricas;;Ginecologia e Obstetrícia
Propedêutica subsidiária e medicina fetal;;Ginecologia e Obstetrícia
Reprodução humana;;Ginecologia e Obstetrícia
Tocurgia e outros procedimentos;;Ginecologia e Obstetrícia
Uroginecologia;;Ginecologia e Obstetrícia
Estágio supervisionado (Prática Profissional Desenvolvida no Ambiente de Trabalho - PPDAT);;Ginecologia e Obstetrícia
Avaliação Clínica Pré-Participação de adultos e jovens talentos;;Nutrologia Esportiva
Avaliação física e bioquímico-laboratorial das Demandas Nutrológicas do Trabalho Muscular;;Nutrologia Esportiva
Avaliação Nutricional e do desempenho integral ao atleta e esportista (âmbito individual e coletivo);;Nutrologia Esportiva
Bioestatística;;Nutrologia Esportiva
Bioética;;Nutrologia Esportiva
Biossegurança;;Nutrologia Esportiva
Compreensão das Lesões esportivas comuns no ambiente esportivo e a nutroterapia adequada;;Nutrologia Esportiva
Didática de ensino superior;;Nutrologia Esportiva
Direito médico;;Nutrologia Esportiva
Doping no esporte e o Uso da TUE (therapeutic use exemptions);;Nutrologia Esportiva
Elaboração de planos alimentares adaptados a diferentes fases: treinamento, competição, reabilitação;;Nutrologia Esportiva
Ética médica;;Nutrologia Esportiva
Exercício físico, sistema imune e nutrição;;Nutrologia Esportiva
Gastronomia esportiva e culinária fit;;Nutrologia Esportiva
Marketing em nutrologia;;Nutrologia Esportiva
Metabolismo de Macro/ Micronutrientes aplicados ao exercício físico: Fisiologia e Recomendações;;Nutrologia Esportiva
Metodologia da pesquisa científica;;Nutrologia Esportiva
Métodos de avaliação da Composição Corporal no ambiente esportivo;;Nutrologia Esportiva
Necessidades Energéticas e estratégias nutricionais para mudança da composição corporal;;Nutrologia Esportiva
Prática de Atividade física no contexto da promoção da saúde;;Nutrologia Esportiva
Protocolos de hidratação antes, durante e após o exercício/mecanismos de termorregulação;;Nutrologia Esportiva
Recursos ergogênicos no Exercício e no Esporte: nutricionais, psicológicos, farmacêuticos;;Nutrologia Esportiva
Sistema digestivo: esvaziamento gástrico, digestão, absorção, influência no sistema imune;;Nutrologia Esportiva
Transtornos Alimentares em esportistas/atletas: aplicação de instrumentos de medida e critérios diagnósticos;;Nutrologia Esportiva
Treinamento esportivo e metodologia, periodização e fundamentos para sua prescrição;;Nutrologia Esportiva
Bioética, bioestatística e biossegurança;;Oftalmologia
Contatologia e visão subnormal;;Oftalmologia
Córnea e cirurgia para transplantes;;Oftalmologia
Didática de ensino superior;;Oftalmologia
Direito médico e ética médica;;Oftalmologia
Distúrbios sistêmicos com acometimento oftalmológico;;Oftalmologia
Doenças extraoculares;;Oftalmologia
Embriologia, anatomia, histologia e bioquímica ocular;;Oftalmologia
Epidemiologia em oftalmologia;;Oftalmologia
Exames oftalmológicos;;Oftalmologia
Farmacologia, microbiologia e imunologia oftalmológica;;Oftalmologia
Genética, citologia e fisiologia ocular;;Oftalmologia
Glaucoma, cristalino, catarata, esclera e úvea;;Oftalmologia
Metodologia da pesquisa científica;;Oftalmologia
Neuro-oftalmologia;;Oftalmologia
Oftalmologia pediátrica e estrabismo;;Oftalmologia
Oncologia ocular;;Oftalmologia
Óptica física e fisiológica;;Oftalmologia
Órbita e cirurgia oculoplástica;;Oftalmologia
Pálpebra e vias lacrimais;;Oftalmologia
Propedêutica e avaliação retiniana;;Oftalmologia
Refração, retinoscopia e distúrbios da conjuntiva;;Oftalmologia
Retina, vítreo, mácula e tumores;;Oftalmologia
Técnica cirúrgica e cirurgia refrativa;;Oftalmologia
Bioestatística;;Pneumologia e Tisiologia
Bioética;;Pneumologia e Tisiologia
Biossegurança;;Pneumologia e Tisiologia
Circulação pulmonar: tromboembolismo pulmonar e hipertensão pulmonar;;Pneumologia e Tisiologia
Didática de ensino superior;;Pneumologia e Tisiologia
Direito médico;;Pneumologia e Tisiologia
Doenças ocupacionais e ambientais;;Pneumologia e Tisiologia
Doenças pleurais: derrames pleurais e pneumotórax;;Pneumologia e Tisiologia
Doenças pulmonares intersticiais difusas;;Pneumologia e Tisiologia
Doenças respiratórias do sono;;Pneumologia e Tisiologia
DPOC;;Pneumologia e Tisiologia
Ética médica;;Pneumologia e Tisiologia
Fibrose cística;;Pneumologia e Tisiologia
Infecções respiratórias: bacterianas, virais, tuberculose, micoses e outras;;Pneumologia e Tisiologia
Insuficiência respiratória e avaliação funcional pulmonar e do risco pré-operatório;;Pneumologia e Tisiologia
Interpretação dos laudos de polissonografia e de exames de imagem torácica;;Pneumologia e Tisiologia
Metodologia da pesquisa científica;;Pneumologia e Tisiologia
Neoplasias respiratórias: câncer de pulmão e outras;;Pneumologia e Tisiologia
Pneumopatias supurativas: bronquiectasias e abscesso de pulmão;;Pneumologia e Tisiologia
Sarcoidose e outras doenças granulomatosas;;Pneumologia e Tisiologia
Síndromes pulmonares eosinofílicas;;Pneumologia e Tisiologia
Tabagismo e cessação de tabagismo;;Pneumologia e Tisiologia
Teoria da Pneumologia e Tisiologia;;Pneumologia e Tisiologia
Tosse crônica, asma e broncoscopia;;Pneumologia e Tisiologia
Vasculites, reabilitação pulmonar e fisiologia do exercício;;Pneumologia e Tisiologia
Ventilação mecânica e monitorização hemodinâmica;;Pneumologia e Tisiologia
Estágio supervisionado em pneumologia e tisiologia (Prática Profissional Desenvolvida no Ambiente de Trabalho – PPDAT);;Pneumologia e Tisiologia
Articulações e artrites;;Reumatologia
Bioestatística;;Reumatologia
Bioética;;Reumatologia
Biossegurança;;Reumatologia
Clínica médica reumatológica;;Reumatologia
Didática de ensino superior;;Reumatologia
Direito médico e ética médica;;Reumatologia
Distúrbios osteomusculares relacionados ao trabalho (LER/DORT);;Reumatologia
Doença de Lyme;;Reumatologia
Doença de Raynaud e fenômenos de Raynaud (capilaroscopia);;Reumatologia
Doenças articulares degenerativas;;Reumatologia
Doenças da coluna vertebral, dorsalgias e reabilitação;;Reumatologia
Doenças miopáticas;;Reumatologia
Doenças reumáticas autoimunes e osteometabólicas;;Reumatologia
Dor pélvica crônica, sacroileítes e doenças inflamatórias (vasculitides);;Reumatologia
Laboratório, imunologia e diagnóstico reumatológico por imagem;;Reumatologia
Metodologia da pesquisa científica;;Reumatologia
Reumatologia pediátrica;;Reumatologia
Semiologia reumatológica;;Reumatologia
Síndrome dolorosa miofascial;;Reumatologia
Síndrome fibromiálgica;;Reumatologia
Teoria geral da reumatologia;;Reumatologia
Tratamento farmacológico e ortopédico em reumatologia;;Reumatologia
Estágio supervisionado em reumatologia (Prática Profissional Desenvolvida no Ambiente de Trabalho - PPDAT);;Reumatologia
Teoria geral da urossexualidade hormonal;;Urossexualidade Hormonal
Doenças sexualmente transmissíveis;;Urossexualidade Hormonal
Patologia urogenital;;Urossexualidade Hormonal
Imaginologia urológica;;Urossexualidade Hormonal
Urologia clínica;;Urossexualidade Hormonal
Disfunções sexuais;;Urossexualidade Hormonal
Educação sexual;;Urossexualidade Hormonal
Sexo nas diferentes idades;;Urossexualidade Hormonal
Nutrição geriátrica;;Urossexualidade Hormonal
Envelhecimento genito-urinário e nefrológico;;Urossexualidade Hormonal
Geriatria preventiva e cardiorrespiratória;;Urossexualidade Hormonal
Métodos diagnósticos: eletrocardiograma e exames complementares;;Urossexualidade Hormonal
Cardiologia clínica: arritmias cardíacas e coronariopatias;;Urossexualidade Hormonal
Cardiologia clínica: valvulopatias, hipertensão arterial, insuficiência cardíaca, miocardiopatia e doenças infecciosas cardiológicas;;Urossexualidade Hormonal
Farmacologia em cardiologia;;Urossexualidade Hormonal
Disfunção erétil e vasodilatadores administráveis ;;Urossexualidade Hormonal
Endocrinologia sexual e reposição hormonal;;Urossexualidade Hormonal
Direito médico ;;Urossexualidade Hormonal
Ética médica ;;Urossexualidade Hormonal
Bioética ;;Urossexualidade Hormonal
Bioestatística;;Urossexualidade Hormonal
Biossegurança ;;Urossexualidade Hormonal
Didática de ensino superior ;;Urossexualidade Hormonal
Metodologia da pesquisa científica;;Urossexualidade Hormonal
Teoria geral da clínica médica ginecológica;;Clínica Médica Ginecológica
Terapia de reposição hormonal;;Clínica Médica Ginecológica
Laser íntimo;;Clínica Médica Ginecológica
Microagulhamento íntimo;;Clínica Médica Ginecológica
Sexo nas diferentes idades;;Clínica Médica Ginecológica
Anticoncepção ;;Clínica Médica Ginecológica
Cirurgia ginecológica ;;Clínica Médica Ginecológica
Infecção genital ;;Clínica Médica Ginecológica
Uroginecologia;;Clínica Médica Ginecológica
Intercorrências clínico-cirúrgicas em obstetrícia;;Clínica Médica Ginecológica
Direito médico;;Clínica Médica Ginecológica
Ética médica;;Clínica Médica Ginecológica
Bioética;;Clínica Médica Ginecológica
Bioestatística ;;Clínica Médica Ginecológica
Biossegurança;;Clínica Médica Ginecológica
Metodologia da pesquisa científica;;Clínica Médica Ginecológica
Didática de ensino superior ;;Clínica Médica Ginecológica
Estágio supervisionado (Prática Profissional Desenvolvida no Ambiente de Trabalho - PPDAT);;Clínica Médica Ginecológica
